,text
0,@apple I wish camera on the side in next #iPhone and #landscapeTwitter on @twitter app in new #2015! #RD
1,"JMP raises Apple price target from $130 to $150, reasons why here: http://t.co/XOTExD9Y4o  #JMP #AAPL #Stocks #WallStreet"
2,@Apple I'd like to see emojis that look like me
3,#Russia is selling its banned #SteveJobs #tribute #statue | @CultofMac http://t.co/RPsHWCAr3s #Apple #AAPL #iPhone #memorial #bastards
4,My office for today #RemoteSupport #TechLife @Apple http://t.co/IY0xAufNTP
5,"Tim Cook Shows Off Apple Watch to Chinese Internet Official, Discusses Security Issues http://t.co/4nrcjqs75m #AAPL"
6,@ace_kit_uk @office_nerd @Apple Is this deal still available?
7,RT @LawKitson: Wut? @apple can I have my money back? kthx http://t.co/zVp7MUZDAM
8,"Seriously wtf iPhone. It's been fucking up all day, now it won't let me set my alarm for my 9:30 lecture. Fkn @apple you can pay my tuition"
9,@SwiftKey @Apple too bad all third party keyboards on iOS are buggy as hell and therefore completely unusable. Undeserved.
10,Is Apple a symptom of a tech bubble? Could Apple be overvalued? 700B Reasons for Apple's Valuation: https://t.co/MssFgcQiaF #Apple #AAPL
11,"#iPhone6c release date, #rumours and #leaked images: #Will @Apple [#Apple] release a .... (#Thursday, 4 #December) http://t.co/BoA50OHs0b"
12,s/o to @apple for charging me for two ringtones and then not letting me use them. #ThanksObama
13,"IPhone6 has too many issues,  why tf is the earphone plug in not working @apple u better fix this shit for free."
14,I HATE HOW IOS 8 CAPITALIZES RANDOM WORDS LIKE I DONT WANNA GIVE EMPHASIS TO SOME STUPID WORD IN THA SENTENCE GET UR SELF TOGETHER @Apple
15,"New @apple problem. At airport. Boarding pass on phone. Held up to scanner at security, and my #ApplePay credit card takes over screen."
16,CNBCTV:  #Chromecast beats #AppleTV #aapl http://t.co/uX3vYSzHhu
17,@apple #iPhones Of The Future Could Save Themselves When You Drop Them http://t.co/CNl4d6nlsp
18,"Who in the hell @apple thought, let's put the volume display in front of a video. Absolutely dumb. Miss video every time you adjust volume."
19,@apple had a dream last night where I downgraded my #iPhone to a 4S and spent the rest of the dream trying to figure out what to do. #shame
20,We will be in room 1215 at 3:15 today presenting on our experience with @Apple DEP and @JAMFSoftware   #herewegolakers
21,Way to stay relevant RT @thehill: Justice Department cites 18th century federal law to get @Apple to unlock iPhones: http://t.co/mptcggWZO1
22,The rumoured @oppo R8207 looks very similar to a certain @Apple #iPhone6 http://t.co/eSUoXuE4lr
23,I posted 9 photos on Facebook in the album 'WOW TALKS // PASSION FOR DESIGN // LONDON DESIGN FESTIVAL @APPLE' http://t.co/vgRlX9OCMT
24,Ok seriously... When is @apple going to fix iOS 8? I'm still missing music!
25,Yeeaaayyy....awesome OS X Yosemite 10.10.1 roccckkkssss m/ https://t.co/cK8wPnN91V @satan_oppa @apple
26,"Apple's iPhone 6 Plus Amazingly Captures 41% of the Phablet Market Right out of the Gate $AAPL #aapl
http://t.co/hv7jiOO6S0"
27,RT @chemixcalbieber: '@WhoaBiebz: GET YOUR SHIT TOGETHER OR I'LL GUY A SAMSUNG GALAXY S5 @APPLE' http://t.co/LEHpmkxK0a
28,"Apple Wants To Make Your Commute Much Easier, According To This New Patent $AAPL #aapl
http://t.co/FD6FCM2HQB"
29,Mark #Zuckerberg Slams Tim #Cook: You Don't Care About Your Customers #fb #aapl http://t.co/HWDmpRoIgT http://t.co/58j6KPMIlI
30,"YES.  RT @garrett_wollman: No, @Apple, don't 'remind me tomorrow'. Just f'ing TELL ME what the updates you want to install actually ARE."
31,"@Apple [#Apple] #Loop: #iPhone6S Rumors, #Jobs And Wozniak's Garage Myth, iPhone 6C .... (#Saturday, 6 #December) http://t.co/o4cQFQgMyv"
32,"Early Apple Employee Bill Fernandez Shares Details on Steve Jobs, Creation of the Apple II, and More http://t.co/hv7TfDUIm9 #AAPL"
33,"The 10 biggest differences between #Mac and #PC.  Yep, I'll stick with my Mac! #apple http://t.co/obykvsjfJY @apple @LisaEadicicco"
34,"@5wa Haha, @Apple techs seeing the #CondoSeniors cookery should jump at opportunity! ;-)"
35,#AAPL providing another great entry point &lt; $115
36,RT @Breyythatsmee: I have 170 pictures and my storage is full @apple get it together
37,GVA lounge: in sight 6 Macs and 3 PCs + undetermined number of iPxs! #AAPL
38,okay so now the sound to my phone is messed up..I really think you're doing this on purpose @apple
39,Loving my @apple #iPhone6Plus even though I've hyperextended my thumb reaching for the top Apps #thestruggleisreal
40,'This accessory may not be supported' ok @Apple just tell me that the charger that came with my phone won't work???
41,"Apple to Open New Research Site in Japan $AAPL #aapl
http://t.co/od40Ru1XvE"
42,Apple Inc. CEO Donates $291K To Pennsylvania School District http://t.co/9gkKgWuASR #AAPL
43,@SheLovesQuez @Apple you must not like em
44,"Shockingly, iMessage on the desktop is fucked up again. Great work, @apple. Seriously, on point with network services as only you can do."
45,"@TeamCavuto @FairOaksTrader @Apple  Still Misplaced, but they are the companies with the most power to do something."
46,@sharksbeauty @Apple LEMME get the blondes number
47,Square Launches iOS App for Food Delivery Service Caviar [iOS Blog] http://t.co/l9uaXkPbxU #AAPL
48,@zagkmerrick @Apple thats not their twitter oh
49,another fucking software update? really? @apple
50,#Apple Stores hosting Hour of Code programming workshops on December 11th - http://t.co/lDmfG6nQES #AAPL #Tokyo
51,Photo: Yaaass. Shoutout to @apple.holidays and to @stevejobs for being amazing! #iPhone #stevejobs... http://t.co/6IObBn59MQ
52,"In the @Apple iPod antitrust case, recent development - Plaintiffs may never have bought the iPods in the first place http://t.co/ivBJa2YJgM"
53,#Apple admits it deleted songs purchased through competing stores from iPods ... - http://t.co/5YDlxI8TJ5 #AAPL #RealNetworks
54,Got to hear about the new patent by apple ... and that's a quite innovative idea.... @apple.  The mobile screen will never break in future
55,RT @animaItoes: Why does my phone suck so much @apple
56,"@Apple, why I cannot alt+tab back to full screen app!? GRRRR! #usability"
57,"Apple Inc. price at close, December 03, 2014, is 115.95. #apple #AAPL"
58,@Maine_Nitin Good morning! Looks like I'll be hanging at the @Apple store with the students and snowbirds sometime this week.
59,INSIGHT FROM APPLE'S TIME COOK http://t.co/96c0F0rfgX @tim_cook @apple #Apple #iPhone6 #Google #Microsoft http://t.co/DeOerErnMf
60,"Yes @apple, now is a perfect time to lock my screen and install a software update without asking. #not"
61,OR @phone OR @apple I FUCKING HATE YHIS OHONE OMG IM SO EMBARRASSED
62,@matt_garber @levifig @dcurtis hah. I wasn't defending it. But this is @apple and they don't understand the internet.
63,Cheeky @apple...  Very cheeky.... No dice though... You can't own 'App Store' it's a description not a product - http://t.co/8L7VeRuzfs
64,Photo: Amazing customer service today @Apple. UTC store. I worked form the store for several hours on... http://t.co/9tLhm3p2z6
65,MacBook Pro 13   Non-retina First Startup: http://t.co/9l6RK2OLq2 via @youtube @apple #macbook #macbookpro #startup #hipster
66,"#Russia Could #Ban #Apple Inc. #iPhone For #Lawmakers | @ValueWalk http://t.co/QHgO1Ncbgr #AAPL #tech

For reverse #security reasons"
67,My phones been charging for an hour but it keeps losing percentage?? Get ur shit together @apple
68,When is @apple going to stop producing these pieces of shit earphones? Its about time for earphones that dont tangle! http://t.co/qFSHqwc4Zj
69,@apple yall some hoes
70,"New 4-inch iPhone 6 Reported. 5 Reasons Apple Must Make It  $AAPL #aapl
http://t.co/jmpX51PCgL"
71,The #AppleWatch And Its $11 Billion Impact On Earnings In One Year #AAPL http://t.co/OUZBVanyRh
72,Seriously?! @apple that stupid add of the macbook with the different stickers you can put on it?! I hate how gullible people can be.
73,Hey @Apple what the hell is this hahaha http://t.co/r1Uspl8dHn
74,The @Apple iWatch: Changing the face of watches http://t.co/EtfTAT5K7x #applenews #iwatch #gadgets
75,#Apple Inc. and #Facebook Clash; Neither Is Wrong | The Motley Fool #fb #aapl http://t.co/AAy60rtQFC
76,Have Apple's iPad Sales Peaked? #AAPL http://t.co/zDUTviV8ys
77,RT @JodiSpicer: #whoknew Why isn't @Apple on Twitter? http://t.co/HmsbwjEL1K #interestingfact #passingthetime
78,Sign of utterly broken wifi driver: my @apple Air sitting on my lap I'm desperate enough to read my email on my Android phone
79,"Yeah +1 thing I'm inspired by is Apple of course. So, Apple++. Here is TV ad from 2002: http://t.co/s5MgeHg9bO @apple #tvad"
80,All they do is steal your money @apple :)
81,"Fans scramble for #iPod Classic, the music player #Apple killed off #aapl

http://t.co/ARjJvuI3b6"
82,"RT @JPDesloges: APPLE - Fibonacci Technicals Levels -LAST  Intraday  Update - $AAPL #aapl 
http://t.co/P66pCgDlij"
83,1st quarter ? RT @Ms_BiAnCa_BiSa: @MhDaDon @Apple next year
84,@aydlettgwyn13 @apple please educate us
85,"Congrats to @Apple, Mary Sotos @WorldResources  for Green Power Leadership Awards at REM14 @GreeneMarktplc  http://t.co/ssrfEyx4Sf"
86,.@apple The iPad update to iOS 8 is an absolute disaster. Nothing works right anymore. Safari crashes constantly. #iFail
87,Always so impressed with the customer service at the @apple store square one. My laptop works again and didn't cost me a dime!
88,@Apple s new patent against broken screens http://t.co/LSwPdLt8UD  @TechCrunch #tech #iphone #business #innovation
89,It's been over a month of store visits and calls and still my iPhone doesn't receive texts from non @apple or @ATTCares customers #fail
90,Every time I change keyboards this come up. Like wtf @apple get your shit together http://t.co/A9cimyYod8
91,@Apple I had a power cord problem- under warranty. You said it would be fine. It isn't. And now you won't replace it? http://t.co/fW3BoW53dj
92,"RT @TeamCavuto: Protesters stage #DieIn protests in @Apple store in NYC... Is it me, or is this anger misplaced? RETWEET if you agree."
93,@NickM538 @Apple tell them how ya really feel
94,Who annoys me more @at&amp;t or @apple @SamsungMobileUS  here I come for a galaxy s5
95,Aw yeah! monarchywpb sticker to ride with @Rhyot boommovement and @apple http://t.co/RGcHuCS95D
96,RT @DecodedFashion: .@Apple is reportedly hiring fashion-focused staff for its physical stores http://t.co/ZoOnR3u5zV #FTDaily #FashionTech
97,Is It Time to Buy the Dip in Apple Inc. Stock? http://t.co/yDiX7wZOLP #AAPL
98,@eliransapir @Apple ok duly noted
99,@SheLovesQuez fuck @Apple I'm get a note
100,"Dear @Apple, I place all my browser eggs in the #Safari basket. Guess what? Safari is broken, please fix the release you pulled. #FAIL"
101,"$AAPL as expected, some users still like small screens, iPhone 6 mini reportedly on its way #AAPL http://t.co/QDj4eBlP6H"
102,"RT @JPDesloges: Apple to launch 4-inch iPhone next year: Report $AAPL #aapl
http://t.co/x3lzm9bOoM"
103,5 Companies Growing Faster Than Apple Inc. http://t.co/QsoC8dir60 #AAPL
104,"Apple: Facing A Challenge From Google's Android $AAPL #aapl
http://t.co/mpcU3cC4fM"
105,media reports say that @Apple is hiring pros from the fashion and retail industry - #wearabletechnology is fashion http://t.co/IVWpWzgUp7
106,Thanks @Apple store @RobinaTC for helping me out with my iPhone today! Great service with a smile. #Apple
107,"RT @aaaron: Insanely great news. @adroll teams up with @apple for iAds programmatic launch
http://t.co/l5flNuBtBa"
108,@OneRepublic @Apple #AppleAddict ! The show in Paris was Amazing !!!! Thank you guys !!!! See you soon !
109,"Loving the Samsung one with Kristen Bell. RT @adage: Watch the weekend's new TV ads from @RadioShack, @Apple and more http://t.co/zqmtQ7WZeS"
110,I've Abandoned #iTunes And I'm Never Going Back Because #GoogleMusic Is So Much Better #aapl #goog http://t.co/dp6pTxrTvp
111,FUCK @apple
112,@sashametro @mayhembcn @apple happy to help..if u use kind words :). Using apple process is free and fast. http://t.co/qQGQokjaxE. DM with ?
113,Well thanks @apple for losing over 5000 of my songs off my classic and now every photo i had on my itouch was deleted. #greatcompany
114,I'm learning all about Apple iPad mini Smart Cover - Green at @Influenster! @Apple http://t.co/RioO60xsQ1
115,Steve Jobs Predicted Future Of E-Commerce Back In 1996 &amp; Got It Exactly Right! http://t.co/w7q2G2SCbH via @sai #ecommerce #AAPL
116,@OneRepublic @Apple THIS IS SO BEAUTIFUL
117,@apple your chargers suck ass! They just love to break!
118,Apple Inc. (AAPL) Focuses On Larger Indian Market Share http://t.co/o9RU1Lv1V8 #AAPL
119,Is #Apple Inc. Losing the $5 Billion Ed-Tech Market? | The Motley Fool #aapl http://t.co/bIz7kKXY2t
120,"Why Morgan Stanley Is Negative On Apple And The Tech Sector $AAPL #aapl
http://t.co/wARhEy9ueH"
121,Why do you hate business so much @Apple?
122,#Nasdaq100 #recent #market #exit #4: Sold $AAPL long for a 10.49% #gain in 20 days. #AAPL #forex #trading #stocks
123,Apple Inc. Deleted Non-iTunes Music Off iPods http://t.co/UE6JaM5vc3 #AAPL
124,@Apple @DonorsChoose @BestBuy Help me reach my goal.
125,"Hey @apple, fuck you for thinking I want text messages to pop up on my computer, iPad and phone.. #ThisIsWhyPeopleGetMurdered"
126,@apple fuck you bitches my phones abrick and stuck on the apple logo
127,"@MarkZuckerbergF of @facebook and tim cook of @apple are sparring, but can we plz talk REAL connectivity on the web? http://t.co/AKfHP9pL9X"
128,Headed to @IKEA and @Apple Store today. Yikes or Yay? #dayoffduties
129,#AAPL #iPadAir2 RT @waltmossberg Apple Unveils New iPad Air 2 Ads http://t.co/XCsTkCpQWo  via @KurtWagner8 http://t.co/KkUUQBhK9q
130,@jakeflem @Apple  Sorry that you're going through that hope you get this fix it was a real pain for us too  but Apple care cover it for free
131,"In first-ever Apple Watch hackathon, apps and challenges emerge $AAPL #aapl
http://t.co/rmYFzMIE5K"
132,@brwnskin_beauti cause fuck @apple
133,fucking faggots @apple
134,RT @WeeWiii: Wtf @apple y'all shit be cheap. http://t.co/jeOimq3HNA
135,@apple fuck you
136,FUCK YOU @Apple
137,"@kodam13 and #blunderblock if fricking @Apple ever gets their act together!!!!
@AppStore we need Blunderblock by
@BrandiGlanville"
138,Wouldn't be a bad idea to bring back the tap to tweet function guys @apple @twitter
139,@BlackBerry I kinda feel sorry for @Apple tho. #GoodJob with your last product guys!
140,Details of the Apple Inc. iPad Mini 4 Revealed http://t.co/Qeun7yXwMP #AAPL
141,So @apple wouldn't fix my phone and claims that I didn't tell them to screen was fucked.
142,@apple get your shit together.
143,@Apple need to hurry up and make a middle finger emoji
144,"Torn between a @googlenexus, @samsungmobile Note 4, or an @apple iPhone...

Lol jk Apple, I have a soul.
Just need to save money for Android"
145,"Apple:Dec 3 Trading Daily Profit $1.85/sh, Weekly Profits of $15.22/sh  #aapl #Stockaction #trading #Stocks #MKt  
http://t.co/az3SvKM4Id"
146,RT @FaZeNikan: yea let me just pay 600 dollars for phone so it dies at 30% fix your shit @apple
147,"As the sun devils were making their 20-2 run on us, my phone called 4 people and hung up on them all on it's own. WTF! #iphoneissues @apple"
148,The questions every #CIO should ask about @Apple #iWatch: http://t.co/1RSxT3CMlZ
149,if i fail poli sci because of this fucking laptop i'm suing @apple
150,@Apple fix addis' phone so we can text each other pls and thx
151,This is why I moved over to @Apple... http://t.co/fAW3zsfzt7
152,Do i have to go to @Apple if idr the code? -_-
153,Finally got my iPhone 6 in the mail and it comes out of the box with a busted screen.  Thanks @apple
154,What I find alarming about @Apple power cords is how quickly they fray.  I don't always notice when I don't travel with them. #AppleCordFire
155,RT @peterpham: Bought my @AugustSmartLock at the @apple store..pretty good logo match . can't wait to install it! http://t.co/z8VKMhbnR3
156,"Apple: quarter 2014Q3 EPS is $1.42. Use it at #free App Donkey Stocks. #AAPL
https://t.co/8CBUgrEHZS"
157,Khloe Kardashian has a black iPhone 6 but I still don't have mine???... @Apple whats going on huh? picking favorites? you biased fucks
158,Disgusted with @apple advertising for the iPad air. #falseadvertising #nono
159,"Will Apple Inc.'s Profit Margin Continue Upward? $AAPL #aapl
http://t.co/mK7jx2SlhF"
160,Comparison between @apple maps and @google maps: http://t.co/FyzGWVm6NR #longreads #webdesign
161,Just overheard an @apple employee tell some1 not to use capital letters in their password cause it will be easier to remember! #applefail
162,Frustrated after unsuccessfully trying to fix outgoing SMTP configuration. &lt;3 @Apple but this is unacceptable #YosemiteProblems #apple #help
163,They gotta DO something '@_iRapeCouches: @SydneyA @Apple SO TRASH my computer keeps freezing &amp; being dumb af after i upgraded to Yosemite
164,Nigga my phone has froze 3 times today &amp; it's not even 11 am tf @Apple
165,Got new cases. :) @apple @applestore @citycreek #slc #citycreek #apple #applestore #red ... http://t.co/eiT3tsudcu http://t.co/BPaOYLImcR
166,RT @hypebot: Steve Job's Deposition in #iPod Lawsuit Could Cost @Apple $1 Billion http://t.co/7vDXwvxKpe #MusicBiz #MusicIndustry #Apple
167,"Move Aside #Apple and #Google, #Alibaba is Entering the Connected Car Space - Forbes #baba #goog #aapl http://t.co/gOSQlrWvtl"
168,"Steve #Wozniak on #Apple, the Computer Revolution, and Working With #SteveJobs - Businessweek #aapl http://t.co/DvUBLAZ9x4"
169,Every student deserves a chance @apple #connected #txed
170,RT @_iamGambino: Thank you @Apple
171,"TheStreet: #Cramer Says Buy mApple, as #Avago Tech's Earnings Hint at Big Demand #avgo #aapl http://t.co/iabVpFUIoc"
172,An OSX update just bricked my MacBook Pro!. @apple fuck..
173,@Apple I h8 everything about u
174,why does @Apple take so long to send you the password reset email #ipod #apple #soslow
175,my phone is so slow now that i updated to ios 8 im so angry @apple fix this
176,What the hell is this @apple @WhatsApp #glitches http://t.co/iKuRl4iUOE
177,@dougluberts @Apple Is it the 128gb version?
178,@apple and @facebook I speak for all of humanity; We want to chose what contacts are added to our contacts book from #facebook #thanks
179,when this  iwatch finna drop fam @apple
180,"Hey @Apple, every time you update iTunes you make it worse. And worse. #DontUpdateiTunes"
181,. @stevewoz: passion for engineering/design at the heart of what he did for @apple. http://t.co/dL7l2Us27T via @BloombergTV
182,RT @WillliamLemar: RT @JustPoetic_: Why the fuck is there a 'recently deleted' photo album? @Apple
183,"#Verr?cktes #Ger?cht: #iPhone6s zum @Apple [#Apple] Watch. (#Thursday, 4 #December) http://t.co/RZQ20daDNt"
184,"@jakeflem @Apple But it won't fix the problem for good, could back and you might have to change the logic board, check with  Apple Genius :("
185,RT @OvelhaNegraTV: Apple TV fades away in streaming video player market - @Apple #vod #streaming http://t.co/5jYgtiCWlc
186,@OneRepublic @Apple Working hard for album 4
187,@Apple deleted music from customers' iPods http://t.co/FzmaFUzrnl
188,RT @QueenCleo_92: Why are your phone chargers so terrible @apple Fix this @Jesus
189,@SimplyYours_Joh @ScarFaceSheed_ @JColeNC @Apple I told him that but he's crazy
190,@renoxalex @Apple so sick @tacobell is petitioning for one
191,"#IPhone6Plus vs. Galaxy Note 4: #Has @Apple [#Apple] Really Snatched Away the #Phablet .... (#Thursday, 4 #Decem... http://t.co/WQQDA8FDVB"
192,@ch0ng_li @Apple I'll take a look at that. I'm fed up with iPad well &amp; truly..
193,#Nasdaq big fall. @FB @Baba @Twtr @Linkd @Apple fell 3-6% on Monday! See whether follow up ..
194,"MasterCard Teams up with Gwen Stefani to Promote Apple Pay $AAPL #aapl
http://t.co/EToKp308cW"
195,"Early Movers: BIG, DLTR, THI, #AAPL, FIVE &amp; more: These are the stocks posting the largest moves before the bell. http://t.co/GBlMWzOcQO"
196,"When a company is playing catch-up, it lost its innovation momentum. Sorry @apple http://t.co/jSDeyIpnek via @tomshardware"
197,CNBCTV:  Analyst worries about #iPhone growth #aapl http://t.co/2cA2SfAShg
198,ayo @Apple I think u should create a 'video message' option so when @CarlaBarlaCakes doesn't answer my facetime I can leave her a VIDEO MAIL
199,First to own 2600 digital languages is the NEW leader of the Internet. .@Samsung  .@google .@apple .@Micromax_Mobile #onlinegaming  .@WoW_en
200,Realised the reason @apple make huge phones is because they f**ked Safari up by not allowing us to hide the address bar
201,RT @jgreerthaatruth: Done with this iPhone 6 plus Apple or sprint giving me my bread back. Trash ass phone full of fuck ups @sprint @apple
202,Finally! Brooklyn Is Getting Its Own #Apple Store #aapl http://t.co/IpjMgjGQw5 http://t.co/Ow2BSRLbAx
203,Intel And Inevitability - http://t.co/gIZLUhRphw #AAPL #INTC #MCHP
204,Help? 4s won't sync (doesn't even give option) w/ latest @itunes. Tried fixes I found... no bueno. Thoughts? @apple #techsupport
205,@nickruz4 @Apple I can't I just got a new phone /;
206,"Apple plans big India push with 500 stores $AAPL #aapl
http://t.co/T9btLKHl74"
207,RT @pyalot: @Apple @appleios rolled out #WebGL to #iOS8 3 months ago and just overtook @google @Android in WebGL support levels.
208,@jakeflem @Apple Try booting while holding Command R and see if you can do a disk repair
209,"We know that @Apple have a strong supply chain, but what is it that makes it that way? #SupplyChain #Operations http://t.co/Pk95RjYhcV"
210,@Apple there isn't a puke emoji I'm pissed fix it fat
211,RT @codygotMs: @lihdior_ @apple fuck wrong witchall niggas ?
212,@Apple @ibmbizanalytics MobileFirst enterprise collaboration online. Game changer? #doclens http://t.co/FsOvxCiit5 http://t.co/qwCUhsq57u
213,"#iPhone6c release date, #rumours and #leaked images: @Apple [#Apple] said to #be working .... (#Friday, 5 #Decem... http://t.co/zX2zMhpnEy"
214,iMessage isn't working thanks @apple
215,"Here are @SFBJEditor 5 things to know today, including who is hoarding the @Apple #iPhone6 http://t.co/lwacRDp3vU"
216,RT @huffpostgay: @Apple CEO Time Cook gets a unique honor in his home state of Alabama http://t.co/TDRfmjsV7L
217,@baseballbridget @apple we couldn't even get a turkey for TDay so they just don't care... #appleemojissuck
218,13 Things You Didn't Know Your #iPhone6 Could Do #aapl http://t.co/RsPEXS5vuC http://t.co/2CfryTGVom
219,@Apple fix your ios8 garbage software mix in an update ASAP
220,@OneRepublic @Apple this is awesome! Can I join?
221,"RT @JPDesloges: APPLE - Fibonacci Technicals Levels - LAST  Intraday  Update - $AAPL #aapl 
http://t.co/Eyv06mibko"
222,Ayyy my fourth phone charger this week broke today @apple fuck you
223,Update: #Apple's #HealthKit Seeing Early Adoptions #AAPL http://t.co/dtJI2hNtoq
224,It looks like I have a software update saved in my storage on my IPhone. Can I delete this or do I need it? @Apple #Applesupport
225,@sammcmanusss @Apple idk it just happend though
226,RT @bchmura12: .@apple you suck
227,iPad Mini Unboxing!: http://t.co/GnLy8W75nA via @youtube @apple #ipadmini #ipad #macbook #macbookpro #startup #hipster #unboxing
228,"Apple Is Reportedly Planning A 12-Inch iPad That Will Be Like Microsoft's Surface $AAPL #aapl
http://t.co/ahKJeeKqdi"
229,"@Apple #iOS8 Notification Center is a pain in the ass: No way to sort, no way to dismiss all notifications, and hitting that [x] on each app"
230,Theyre not RT @Naivana_: You gotta be kidding me @apple http://t.co/GeeL25AlT1
231,"#CondoSeniors said @Apple needs to supply condo with dedicated tech. So many issues with iphone, imac, ipads warrants it. Tech will eat well"
232,my iphone6 plus is impossible to hold without a cover it slides out if my hand #apple #iphone @apple
233,"Apple Details An Elaborate Transit Navigation System In Patent Applications $AAPL #aapl
http://t.co/O2kMFHrQlr"
234,@TeamCavuto @Apple They're staging a die in ar an Apple store while being on their iPhone.
235,Apple Secretly Deleted iPod Owners' Songs Downloaded From Competing Music Services http://t.co/glvCdIKMwG #AAPL
236,yea let me just pay 600 dollars for phone so it dies at 30% fix your shit @apple
237,Lol fuck you. I'm still not buying a new one. @Apple http://t.co/XHqOVbNfZK
238,16GB @Apple #iPad Air 2 Retina WiFi Tablet $400 + Free Shipping via #EBAY http://t.co/TrkYuoYew7 #CyberMonday #firstworldproblems
239,@apple my app store aint working. y??
240,@buzz I sit home every Friday night waiting for an invitation to join an @Apple dev team.  (looks at his phone)   They'll call me one day.
241,"China reminds Apple on need to support privacy, security in its products $AAPL #aapl
http://t.co/5ABnwWVQxh"
242,This is why I would never want to own an @apple device. But sadly people seem to be okay with that. http://t.co/EK4vESbigs
243,"Apple mass transit system for Maps detailed in new patent $AAPL #aapl
http://t.co/YhwWoUBR3Q"
244,#iscuba 360 degree camera rig cloud mobile gamed to surface #imask @Google @padi @Apple @Samsung @HTC #underwaterwearables #cardboard #pivot
245,"#mkt Final #AAPL #PutCallRatios for Friday, December 5, 2014:  http://t.co/lvK2RfkfBB"
246,It's just dawned on me that I've probably spent more on replacing frayed / non functioning Iphone cables than I've spent on iPhones @apple
247,"RT @CNET: @Apple pioneer Bill Fernandez on @Google Glass, Oculus Rift and the look of the future http://t.co/YSvkfs1h6a #innovation"
248,Been waiting 7 days so far for @apple to approve the new app for #CRMSuite. Should be next week!
249,"#apple to expand #retail in #India by opening 500 new stores.

@Apple http://t.co/rzhMzoQE1v"
250,Did you notice that @Apple apps now say 'Get' instead of 'Free'? This change was due to alleged misleading labeling. http://t.co/In8SIkR1Qp
251,@apple really needs to do something about these bullshit cords
252,@OneRepublic @Apple Thanks for sharing pics. Awesome guys! :)
253,It's done well but my '04 @apple 40gb #ipod photo has possible come to an end after 10yrs. Battery won't charge! :( http://t.co/e9oGDNlcmw
254,"My 17' MacBook Pro boots with pink vertical stripes, a gray screen, then shutting down and repeating...help @apple http://t.co/xZ4Wb3dm73"
255,My messages aren't sending...@apple tf is going on
256,Pencil Skirt and Pacifier: Tech Tuesday: All About the Leather @apple http://t.co/vRRxo3SV0c
257,MasterCard Teams Up With Gwen Stefani to Promote Apple Pay and 'Priceless Surprises' http://t.co/8SqKEuVjp5 #AAPL
258,Just watched my dad struggle to answer a call because his #iPhone wouldn't let him answer. Great job on #iOS @Apple!!! Not...
259,Seems similar to @Apple or @Google doing a cloud backup of my pictures. #OnlineFootprint #ModicumOfPrudence
260,Technology News: @Apple trial to feature unseen late #SteveJobs video deposition http://t.co/YVyoTpdMZP
261,PRINCIPLED TRUTHS: Eddy Cue Talks to Fortune as Apple Appeals E-Book Price-Fixing Judgment. #AAPL http://t.co/Y7JDYN0mlR
262,hey @apple fuck you
263,The only reason I have an iPhone is because of iMessage. @apple BRUH make a better battery
264,I'm still mad @apple
265,Is Apple The Most Important Stock On Earth? http://t.co/gXoZJYZdNy #AAPL
266,@Econsultancy on @Apple: the #customer #journey from #search to #checkout https://t.co/wKiiSW3oS6 #CX #UX #ecommerce #casestudy
267,I would like an @Apple rep to reach out to me and resolve the issue @tim_cook
268,RT @SanfordDiday: New @Apple Patent From PrimeSense Covers Kinect-Style 3D Space痒Mapping http://t.co/RKEV5meNtM via @techcrunch #cooltech
269,@fullcircleone ThanX! Big @Apple ThanX goes 2 @stackizshort &amp; @Rebelutionary_Z on the ground #Ferguson2NYC #BlackLivesMatter #ICantBreathe
270,"had soo many iPhones and never had a problem, smashed 2 screens in 3 months with this 6 @apple u can suck my balls"
271,@YouKantFindMe @Apple kashka and clave own your mind
272,"The best link of the day on @usemuzli Tech: @facebook CEO Mark Zuckerberg goes after @tim_cook , @Apple -- AppAdvice
http://t.co/cDnZCthRlA"
273,"So here's the deal, I'm taking this phone and beating the shit out of it. Fuck you @AppStore @Apple whatever your damn twitter is, Fuck You"
274,RT @FrankThePilot: can we get a touch screen macbook @apple
275,Certified by @Zebra.  Partnered with @Apple Business.  Collaborated with @SAP.  Now... http://t.co/02MVhmiOLn
276,#AAPL:Here's why Apple shares will reach $135: Analyst...http://t.co/KTqY2USXRh
277,Autocorrect changes actual words to other words but when I spell an actual word wrong it doesn't correct it? Fuck yall niggas @apple
278,How do I log into iCloud on my phone? Not the cut down mobile version. Argh! Anyone know? @apple
279,RT @ColtonObrian: My phone died on 23% @apple what the fuck is this
280,"Does anyone know if theres a #smartwatch  with a old fashioned clock face? 
Grandma needs a watch. @Samsung  @apple @mota"
281,"#UBS #Increases @Apple [#Apple]'s #iPhone6 Sales, #Revenue And EPS. (#Friday, 5 #December) http://t.co/yEPG0Urogc"
282,@Apple lawsuit could collapse as new #evidence comes to fore http://t.co/w3h3JSDFLq
283,@BedBathBeyond I could of just gone to Canal Street for a knockoff #CmonMan And @apple Why must I pay $30 for a lightning cord?
284,MasterCard debuts new ad spot starring #Apple Pay and Gwen Stefani - http://t.co/GppcWzeTBu #AAPL #GwenStefani
285,Lmao oh my god why the fuck did it autocorrect it from 'gonna' to 'finna' ahahahah @apple u ghetto child ass youuu http://t.co/H9x2YCwx0T
286,The rumoured @oppo R8207 looks very similar to a certain @Apple #iPhone6 http://t.co/nJKstb1rJf
287,"RT @JPDesloges: iPhone 6 makes iOS a success in the UK, but Android fights back in Japan $AAPL #aapl
http://t.co/LXuyPKVhd5"
288,I love @AIRMILES! Between @chaptersindigo &amp; @apple I earned ~200 miles during the #BlackFriday sale! #freemoney #centsability #cybermonday
289,"Mark #Zuckerberg defends free #Facebook, fires back at @Apple and @Ello http://t.co/BCowoLMizS"
290,And they ain't open till 8 to help me so I can't even contact anyone for the shoot now @apple u can suck multiple digs. Whack
291,RT @yungbaaz: god dammit fuck you @apple
292,"Hey @Apple - hundreds of  black, white, brown, yellow #EricGarner protestors bum-rushed yo store to stage a Die-In &amp; nothing was stolen. Xo"
293,TheStreet:  Corporate Earnings to Contract; Short #Apple: Best of Kass #aapl http://t.co/vrsw8sPbpd
294,"Photo: Caf揭 Mac @Apple: check, Shady Groove @Google: check. For not being a techie, I seem to frequent... http://t.co/RpFTxGAr5L"
295,@tim_cook @Apple FIX MY PHONE
296,1 in 10 US iPhone 6 owners have now used @Apple Pay - report  http://t.co/JkiQUH9i86
297,@Anna_Cochrane @Apple Shouldn't you be out walking Anna? Pick me up a iPhone 6 128g while you're there. I can DM an address.
298,IT'S NOT LIKE THE APP COSTS MONEY JUST LET ME DOWNLOAD IT @APPLE
299,"Steve Wozniak on @Apple, the Computer Revolution, and Working With Steve Jobs http://t.co/01201wlyzu via @BW"
300,@lanadelreystan KILL YOURSELF @apple
301,@CharlesJMeyer @Apple @Appy_Geek Hasn't Apple been doing this for decades? This is why I don't support Apple. #apple #deletegame
302,RT @schreier: It makes you smarter.  Elevate is @apple app of the year!  Congratulations @jessepickard and team.  http://t.co/r0cgmthoCC
303,Apple TV fades away in streaming video player market - @Apple #vod #streaming http://t.co/5jYgtiCWlc
304,@apple iBooks picks OPERATION PAPERCLIP as one of the Top Ten NonFiction Books of the Year.  #BestBook2014 #iBooks2014
305,Thought this just happened to me. Why I HATE @apple to this day. http://t.co/19G2JYZOGI via @rollingstone
306,"Apple Inc. price at close, December 05, 2014, is 114.9801. #apple #AAPL"
307,@agiletortoise Once again @apple is inconsistent with app rules to maintain their Plausible Deniability. Sorry to hear that Greg @draftsapp
308,"RT @TheywantVonnie: Dear @Apple 
Can you please create a middle finger emoji ASAP
Sincerely,
All IPhone users"
309,"that was terrifying, suck my ass @apple"
310,"RT @ProzacNation_: 11am and 20% battery. Die, @apple"
311,fuck you @apple @iphone
312,@OneRepublic @Apple How cool that you're working on new music. Can't wait to hear it. But you're working hard. You need rest. :)
313,@leiahemilyy @Apple really???
314,A Orwellian vision of the world once @Apple Pay takes over by @Chris_Skinner http://t.co/oEdBHAki1Z
315,@Apple yo this Genius Bar shit is worst than the dmv get it the fuck together
316,FUCK ALL FUCK IT ALL IM SOOOOO SLEEP FIX YOUR SHIT @APPLE
317,"#AAPL iPad wins in ranking for best Android tablets - Seems reasonable, right? http://t.co/uJGixPbfQG"
318,Why I Hate #Apple. #aapl  http://t.co/inkCjYw0Lq
319,.@Apple patents new reflex drop technology for #Mobile devices|learn how this could come in handy #MobileDose http://t.co/BSGtvfPc5B
320,My phone is on acid right now @apple fix this
321,APPLES EARBUDS ARE SO FUCKING WEAK THEY LITERALLY CANNOT WITHSTAND ANY GOD DAMN DAMAGE I HAVE WASTED SO MUCH MONEY FUCK @Apple
322,"Apple Plans to Launch iPhone 6 Mini Version in 2015 $AAPL #aapl
http://t.co/BPlf0dCyvK"
323,@OneRepublic @Apple @JKsOnTheRadio legit thought that was you in this pic!
324,"Facebook CEO Mark Zuckerberg criticizes Apple $AAPL #aapl
http://t.co/EVrsNVdeXe"
325,@apple  #ios8 #iphone6 #issues device with voicemail. 4 the phone being a phone it seems under developed. Ie:listen message and take a note!
326,"Dear @Apple, I've been an Apple user for over 20 years and can't remember a bug like this current Safari on. #fixit! http://t.co/6AlSsd6igw"
327,"Apple Releases Safari 8.0.1, 7.1.1, and 6.2.1 http://t.co/sIOuKQbs1T #AAPL"
328,Pretty bad @apple my #iphone5 has 20%life left and it is only 11am.
329,You'll Be Able To Learn How To Code For Free Next Week At Your Nearest @Apple Store!  http://t.co/8xHh2SLC4X
330,How to #profit in #Apple (#AAPL) #options #trade #trading #finance #short #bet #hedge http://t.co/aMlM8FaJDQ
331,really pissed at @apple . trying to edit video and can't convert files due to not having the mpeg 2 component anymore because of os update.
332,"@MrBeagleman @Apple 
If Starbucks shuts down, anon is decimated"
333,hey @apple fuck you just let me change stores
334,Will #Apple and #Facebook Crush #Google? | The Motley Fool #aapl #fb #goog http://t.co/Me8RLrIoDf
335,JMP raises Apple Inc price target to $150 on 'exceptionally strong' demand for ... http://t.co/SOmV4lx8Ao #AAPL
336,RT @AllisonSalz: When you request custom gift wrap from @apple ... Don't do it ... http://t.co/DoenA0e8nx
337,@CHAYILTrading #ChartOfTheDay Apple #AAPL http://t.co/QRVLWmGw1Z
338,@APPLE YOURE SHIT FIX MY PROBLEM
339,"RT @JPDesloges: Why Apple  Is Poised to Have a Record-Breaking Holiday Season $AAPL #aapl
http://t.co/bTK0MWUBa6"
340,"Dude, @apple is all over the marketing for beats. They have a great marketing team at apple."
341,"@apple @testflightapp You should tell testers that if using Gmail on iOS, your app won't work. Doesn't tell testers at all."
342,RT @RatingsNetwork: Apple's PT raised by Canaccord Genuity to $135.00. buy rating. http://t.co/Nh2vs5lzoE $AAPL #AAPL
343,Can I turn auto correct off @apple ?
344,"RT @JPDesloges: Crystal Baller: Rebirth of the 4-inch iPhone and other insane Apple rumors $AAPL #aapl
http://t.co/yvpAZQUmNt"
345,"#Verr?cktes #Ger?cht: #iPhone6s zum @Apple [#Apple] Watch. (#Tuesday, 2 #December) http://t.co/bCjwU8zA0R"
346,#Siri never understands me. She just said she was 'new 2 my language' and didn't get me. I speak English without major accent. #Apple @Apple
347,"RT @SFBJNews: Here are @SFBJEditor 5 things to know today, including who is hoarding the @Apple #iPhone6 http://t.co/lwacRDp3vU"
348,13% left what even is this shit @apple
349,"Happily, @apple restored my faith in them today at their Arndale Store following my earlier complaint."
350,macbook love today @apple
351,@apple your freaking computer went psycho and ruined my life thanks a lot!!!
352,"#AAPL:My Three Horsemen Of The NASDAQ 100:  Apple, Microsoft And Gilead Scie...http://t.co/cDvoZfGSBX"
353,Well played @apple http://t.co/mGbsxyiA69
354,Pop up #BostonHoliday - #UrbanNutcracker's @RussellFerg &amp; #krumpers are @Apple Store in Boylston St. @5:30pm today. Dancing &amp; chat'
355,"Apple 'deleted' rivals' music from iPods, court hears $AAPL #aapl
http://t.co/7xYurDyY7R"
356,RT @donacamp: Brass band at @Apple Store Broadway #WintersEve #NYC http://t.co/ufworZjgpP
357,"@ThisDueeMarco @Apple thats annoying, they never get stuff right the first time."
358,Steve Wozniak Says @Apple Starting In Garage Is A Complete Myth @stevewoz- http://t.co/JyAtqxYwha http://t.co/EaBOxjAoFd
359,"Apple MacBook (鶯949.86)
http://t.co/f5IHhOnzHM
@office_nerd @apple
#tech http://t.co/0cuTGtm7fF"
360,@tehhGOAT @Apple do you by accident have me blocked or?
361,Is Apple The Most Important Stock On Earth?  http://t.co/YkyiwKnL5S #aapl http://t.co/eiAOHl8LL1
362,@apple how/why did my iCal undo 6 months of entries related to recurring date entries? they all re-set to 'pay CC'. i had changed to $amnt..
363,"Oh @apple, how many Feedback Assistant messages do I have to send before you do anything about it?"
364,"NO @apple NO! When I make an I phone Album I WANT IT TO STAY ON PHONE, not be removed when camera roll cleared.. GET IT TOGETHER!"
365,"MUST READ: Apple's iPhone 6 China Unicom Lead-Times $AAPL #aapl
http://t.co/KgB8fuFlo3"
366,dang this phone fuckin sucks. fuck you @apple!!! piece of shit iPhone man. y'all disappoint me.
367,My iPod touch case 5 @apple #ipodtouch5thgen http://t.co/8H6UXnwx9P http://t.co/PzaZYtxpGX
368,#iPhone5s is the best mobile that I have had. That's easy It is only that works and It is wonderfull! Thanks @apple @tim_cook
369,Dan Nathan: How To Profit From Apple Inc. (AAPL) Stock? http://t.co/JzTjVsJKhj #AAPL
370,@apple @stevejobs @iTunesMusic yooo fam it's been 48 hours where's my email back I need that @JColeNC album when it drops
371,"I was out to dinner last night and left my computer to charge.  Had the fire happened then, I'd have no house.  @Apple #AppleCordFire"
372,"Hoping @Firefox does not cave! @Apple should allow other browser engines! #OpenUp
Could Soon Come To iOS TechCrunch  http://t.co/WGnY6XOarD"
373,@apple why is it that your iPhone's alarm fails to work sometimes?? I missed 3 bonus points from a class because of this. Sooooo annoyed
374,@apple is this how you train your employees to deal with issues?? To hang up on the customer? After 15 fucking minutes of me waiting on hold
375,"Apple iPod class action trial to continue temporarily without a plaintiff  $AAPL #aapl
http://t.co/vPvSHOQS47"
376,You'd think safari would work well since it's an apple product but no it's been freezing constantly. Such crap products @apple
377,I will definitely think carefully in the future about buying something from @itunes if @apple Support can't even tell me what's going wrong.
378,Steve Wozniak tries to gut the legacy of the late Steve Jobs. #uncool @apple http://t.co/ccPbgibI7B via @BloombergTV
379,"@Apple, you made a mistake. Now it椰s time to Replace or Fix All 2011 Macbook Pro with Graphics Failure. #MBP2011  http://t.co/n64Ygo7JlT"
380,Every new iPhone or update spellcheck suppress my greatness more and more...stop trying to tell me what to type @apple!!!
381,"hey @apple can I catch a fucking maverick of a wave on an iPhone?
didn't think so. #SurfsUpSamsung"
382,@shortyawards @Apple it is very confusing u wonder if it means u are going to get a bill later for Ur download please use free if it's free
383,"@apple bought a new iPhone 6, never gets reception in the same places my 4s did and battery life is worse. #nomoreapple"
384,PRINCIPLED TRUTHS: Eddy Cue Talks to Fortune as Apple Appeals E-Book Price-Fixing Judgment. #AAPL... http://t.co/1AMKTIeKys
385,iPhone 6 Plus Makes Up 41% of Large Phone Sales as iPhone 6 Leads iOS Devices [iOS Blog] http://t.co/H2U3zIpG82 #AAPL
386,Steve Job's Deposition in #iPod Lawsuit Could Cost @Apple $1 Billion http://t.co/7vDXwvxKpe #MusicBiz #MusicIndustry #Apple
387,RT @abdinsyakirin: '@apple : Hey you wanna use iFon Siks? Jas follow @rizalscandal and u will get it! '
388,RT @laurrynk: Dear @apple replace my phone my battery sucks
389,RT @Laura_Kate8: WHY DO I HAVE 5 GROUP MESSAGES WITH THE SAME PEOPLE. @apple
390,@Jman98jlb @San0529 my phone does it automatically for some reason. Kinda dumb. Thanks @Apple
391,wtf is my conputer doing I left it alone for five minutes and it does this?? help @apple @billgates http://t.co/KTmXOrp03w
392,@tim_cook Not happy with @Apple @AppStore Backwards compatibility should be a given.  It is for my other apps why not Aperture?? Money Grab?
393,"RT @slawfr: Spent 6000 EUR at Apple. iPhone 6 camera no longer works.Told I got water in it,I did not. Unacceptable customer service @apple"
394,@ABillaut @VaynerMedia @Apple Thanks so much!
395,Apple's PT raised by JMP Securities to $150.00. outperform rating. http://t.co/omCdSCu85d $AAPL #AAPL
396,"No, @Apple, don't 'remind me tomorrow'. Just f'ing TELL ME what the updates you want to install actually ARE."
397,What Happened To Apple Inc?   http://t.co/FJEXI3oP0U  #aapl #apple @MoneyPress http://t.co/wXKmmTMArW
398,"'@OneRepublic: Studio at 45,000 ft.  One outlet,  4 computers.  @Apple we need the batteries of the future NoW!!!! http://t.co/QjxG0DilPO'"
399,ive literally gone through 5 iPhone 5 cords in a little over a year @apple fix this you all suck
400,about to write a huge fuck you to @apple for not letting me make reservations to get my laptop fixed
401,Apple: Facing A Challenge From Google's Android http://t.co/apqD7jWn7B #AAPL
402,"This iPhone 6 battery isn't as good as you claim, @apple"
403,Love the new @apple @ipadair_2 TV spot - http://t.co/nW7a6iXsjE
404,my dad called now my musics arent playing jesus christ @apple problematic
405,RT @HorseshoeBmore #Holiday #Giveaway! To ensure you stay in touch on the go ck out brands like @Apple @amazon http://t.co/v2GViV6qnh
406,Left the hoos we 100% now got 50 iPhones are dire @apple suck ur mum
407,Ur minute has been about 10 minutes @apple http://t.co/tInVuQNYAM
408,my phone keeps fucking freezing @apple
409,"iPhones are mad sensitive bro, if it's too cold, it dies even with a lot of battery left. If it's too hot, it shuts down as well SMFH @Apple"
410,Day 12 without access to my @iTunes passwd. Apple 'working on it'. No new apps or calendar. @apple ecosystem has achilles? Your move @google
411,Apple Inc. Flash Crash: What You Need to Know http://t.co/Ko9PT6yuMV #AAPL
412,"Cheap Chromebooks teach Apple a lesson: Price matters $AAPL #aapl
http://t.co/GUC5yr4cMf"
413,"#Verr?cktes #Ger?cht: #iPhone6s zum @Apple [#Apple] Watch. (#Thursday, 4 #December) http://t.co/w8KyZdoUtE"
414,@TeamCavuto @charliekirk11 @Apple what did Macy's have to do with it or the other stores they blocked?
415,you just did too much you asshole. @apple get your shit together.
416,THIS 16GB IS GOING TO KILL ME. IM THIS CLOSE TO TAKING A SHIT ON MY PHONE @Iphone @apple
417,"The 10 biggest differences between #Mac and #PC.  Yep, I'll stick with my Mac! #apple http://t.co/bxbjni5iHn @apple @LisaEadicicco"
418,RT @jopocop: BloombergTV:  #SteveJobs Testimony to Play Key Role in #iPod Trial http://t.co/vVRrZZMUdL #aapl
419,"#AAPL:Apple Inc., International Business Machines Corp., Exxon Mobil Corpora...http://t.co/0XWPHhpA6C"
420,"#iPhone6, #6 Plus Availability And Wait Time Update: @Apple [#Apple] Store, Verizon .... (#Sunday, 7 #December) http://t.co/OyrnRBvtse"
421,@apple ur a disgrace
422,"@CadeRageous Thx RT .@Apple Own 2600 digital languages (IP) = NEW #internet Leader,10% of cost of #DIY .@googlenexus http://t.co/sQv0FmaPGO"
423,It shouldn't take a whole week to replace my harddrive @apple this is ridiculous I have homework to do
424,@Apple your new ad is fucking racist against the #french
425,@Apple conclusion : Best client service ever
426,"Lowkey, Yosemite trash af I cant use my logic express 9 anymore @Apple yall irritating the fuck outta me - Sincerely a disgruntled person"
427,"#AAPL:Apple's iPhone Gained Significant Share In The US, Japan, Germany And ...http://t.co/xY7bTzgSvy"
428,@THE_HIIT_COACH @weightsmate @Apple it's similar to an existing app (called cardio guru interestingly). Maybe Apple have noticed this?
429,@OneRepublic @Apple it's so crazy haha guys can you follow me? Please
430,.@panic The inconsistency and overall weirdness that controls the @apple #appstore is why I archive previous versions.. easy to downgrade.
431,"Too much completely broken shit in the world, fucks sake. (And Fuck You @Apple for the bullshit 'autocorrects')"
432,"FBI investigates iPad school programme $AAPL #aapl
http://t.co/s5ymu0u1Rb"
433,"#Robots #fabricando #iPhone, #iPad Pro, @Apple [#Apple] Watch, Apple TV y el #.... (#Sunday, 7 #December) http://t.co/TzzREU7NCt"
434,RT @ehsonakbary: THE WORLD'S FIRST MURDER VIA FACETIME THANK YOU FOR THIS INNOVATION @Apple http://t.co/Rz8es3q3fj
435,My Iphone just autocorrected believe to beiber. @apple how hard do you guys need to give it up?
436,"Kantar: iPhone 6 helps Apple gain share over Android, iPhone 5c outselling iPhone 6 Plus in US $AAPL #aapl
http://t.co/YLL678kOkn"
437,I just had 40% now I have 8% wtf @apple
438,This happened to me SEVERAL times!! Fuck you @Apple deleted rivals' music from iPods for years...http://t.co/QBvcBmZVOF @MailOnline
439,#AAPL:Corporate Earnings to Contract; Short Apple: Best of Kass...http://t.co/59VMgqR0tH
440,. @mattz62 We'll find out when I go to the @Apple store and see what they say.
441,It would be nice if I could type more than one sentence without my computer freezing up @Apple @Microsoft @Word @Internet @Everyone
442,that yosemite update is so annoying i regret installing it -_- @apple sort out your shit bro
443,Apple Inc heads to trial over digital music claims http://t.co/ojTt06NJ5r #AAPL
444,We're so excited to be named to @Apple's 'App Store Best of 2014' list this year! http://t.co/d7qlmti4Uf #Apple
445,if i buy a 16 gb phone i should have 16 GB'S TO USE @apple
446,"For the past week my phone stay freezing &amp; closing out apps on me, wtf @apple?!"
447,@MhDaDon @Apple I haven't decided yet. I might get bourgeois about it
448,Chinese smartphone maker claims #Apple copied iPhone 6 design - http://t.co/iUzewX1JuE #AAPL #Android
449,"#Apple Wants To Make Your Commute Much Easier, According To This New Patent #aapl http://t.co/fKMNHCmwJU http://t.co/wdqAzQowt3"
450,RT @_emilymahon: @nosheenh2oo9 @Apple this is my most favorite tweet
451,"In other news, @uber raised at $40 bill pre, @apple has $164.5 bill in cash. Good times in the Valley! No, wait... http://t.co/uUP9bDOBe4"
452,Our new @Technogym treadmills getting assembled. Could only be better if @Apple #CarPlay was compatible... http://t.co/C406UvH1uK
453,"How many @Apple products does it take to write a paper? 

Photo credit: iPhone http://t.co/QBtDib92Lo"
454,Apple Inc. (AAPL) iPhone 6 Sales Dent Android Market Share http://t.co/Nbo2TPoG3v #AAPL
455,For some odd reason I can't re-add 1989 on my phone. @apple stop depriving me of my jams
456,RT @KirkYuhnke: What do you think? Want an @Apple #Watch? http://t.co/7HjDjQ1iAb
457,@Apple store #nyc I am honored to be here. #travel http://t.co/JnbCd79z1b
458,RT @saigeist: the most offensive thing is the lack of a trashcan emoji stop the discrimination @apple
459,#xcode #AAPL - source kit crash in swift - getting annoying now.
460,@Apple sometimes I have to restart my phone to make Siri do speak selection and it's annoying #fixit
461,"Apple Opening Advanced R&amp;D Center in Yokohama, Japan http://t.co/RGTBpPywqJ #AAPL"
462,"@jimmymujaj @Apple it works again fucker, not being a hoe if it's only one person SMD"
463,"#Robots #fabricando #iPhone, #iPad Pro, @Apple [#Apple] Watch, Apple TV y el #.... (#Sunday, 7 #December) http://t.co/Ba8eb8r60N"
464,@apple thank you http://t.co/wmSinAAuQf
465,#Apple planning to spend $161 million on its own auditorium at ... - http://t.co/eJU1Q6Qklb #AAPL #WWDC http://t.co/QYhVucuSyP
466,"@ggheorghiu, @mhmcquiston's solution is offering an integration suite, something like @apple's approach"
467,@apple fuck yo shit
468,"@OneRepublic @Apple Hahha All Apple Users have the Same Problem /

Low Batteries.."
469,@iambrozie @Apple Will it give me Edward Scissorhands length fingers? Because then I might be able to use this!
470,"RT @BigBlindz: BlackBerry wants your iPhone, and will pay for it.
http://t.co/ydpQJKKfvM
 #bbry $bbry #blackberry #iPhone $aapl #aapl"
471,RT @spencerescott: Have Apple's iPad Sales Peaked? #AAPL http://t.co/zDUTviV8ys
472,CNBCTV:  #Apple top execs take stand #aapl http://t.co/IeWlOOLdER
473,"Apple Inc. Leads Momentum Stocks, Tesla Motors Inc Loses Steam http://t.co/4eviw5kcsz #AAPL"
474,"#Verr?cktes #Ger?cht: #iPhone6s zum @Apple [#Apple] Watch. (#Wednesday, 3 #December) http://t.co/mSMQYRTUTO"
475,Wtf.. My phone is in do not disturb and I'm still getting notifications.. Fix this shit @Applebees @apple
476,@Nale When do you think #parable will be accessible in France @Apple #AppStore
477,"#apple - #Samsung back in courts
@Apple 
@SamsungMobile http://t.co/7sbfUaH5gx"
478,my computers so slow right now its making me want to shoot someone its a god dam mac i shouldnt hav 2 deal with this! @Apple
479,@stevewoz @apple this one got by me patent for apple anti gravity phone includes predictive programing. On drops http://t.co/eYM07DIqTY
480,IM SICK OF YOUR FUCKING SHIT @apple
481,"'#Trademark Confusion: While @Apple App Store #Trademark was rejected in Australia, it's been approved in Europe &amp;...http://t.co/eAsponshkf'"
482,@ATTCares I want to stay with @Apple  me and @SamsungMobile don't get along
483,.@apple MacMail on OS X #Yosemite is really giving me a hard time. Is there an alternative email program out there? #YosemiteProblems
484,We need more products like .@Aviate Companies like .@BlackBerry &amp; .@Apple need to embrace the customization of quality themes.
485,Apple CEO Tim Cook comes out as gay @Apple   http://t.co/euFQQpMjj6  Via @posh360_Net
486,@Apple accused of deleting songs from #iPods without users' knowledge http://t.co/hujK0yawTO
487,Thanks @Apple for the preview of your smartwatch. #fitnesstracker #quantifiedself #IoT http://t.co/WAGN08SDNc
488,Just did my first transaction with @Apple Pay using my @Chase card. Very neat.
489,hey @apple why won't you let me facetime claire stop being rude
490,Love the @Apple is supporting #HourOfCode with workshops! :) http://t.co/WP8D0FNjNu
491,Zoonova What-If analysis #AAPL #LNKD #FB #GOOGL #TSLA Stocks Options Bonds FRN MM. % -10 bps Vol + 20% Nasdaq 4500 http://t.co/NpIEpe7dp5
492,if my phone dies mid tweet I will SUE you @apple
493,RT @fakebananas: Thanks @Apple for the preview of your smartwatch. #fitnesstracker #quantifiedself #IoT http://t.co/WAGN08SDNc
494,"#Rumors #Surface for @@Apple [#Apple] #iPhone6S and #iPhone7 in #2015. (#Wednesday, 3 #December) http://t.co/dC5O4hRKNn"
495,"RT @BGPublic: Even MORE reason for @Apple to stop using benzene in its manufacturing.

http://t.co/NjdYqwfVAE"
496,@briannaUrie @Apple Their autocorrect is so shit too
497,Idk if it's my phone or WHAT ! Ip6 ain't shit but problems. @apple fix this shit !!
498,Just been handed this @apple device to fix ..m.. owner doesn't fancy waiting .... #nowounder http://t.co/Op8YZAOJk0
499,dear @Apple get your shit together
500,"Apple Inc. Campus 2 Has $161M Auditorium, $74M Fitness Center http://t.co/9KQhafCbCi #AAPL"
501,Protesters in the @Apple store pretty much sums it up. Its like a gravitational pull. Shocked it took this long. Next stop? STARBUCKS!!
502,'@WhoaBiebz: GET YOUR SHIT TOGETHER OR I'LL GUY A SAMSUNG GALAXY S5 @APPLE' http://t.co/LEHpmkxK0a
503,@Listen2Lena 3x bonus airmiles @Apple right now! #airmilesshops
504,@apple and @VerizonSupport the support I received for my iPad tonight was ridiculous going in circles with no solution smh
505,That moment EVERYTIME when walk out of @Apple after purchase &amp; receipt is emailed &amp; think getting stopped or not #MiniHeartAttack @tim_cook
506,Feed My Ego (Futter Mein Ego) iPhone 4/4S Tough Ca  COMPUTING &amp; COMMUNICATION  Melasdesign http://t.co/jbVgROMp3p @cafepress @iphone @apple
507,@Macys Why do I have to sign when making an @Apple Pay transaction?
508,Here's #Apple's Next Great Business http://t.co/L1IfhyexQA via @sai #aapl
509,@apple yo these new headphones i got with my 6 dont work so send me some new ones. Ill dm u my address
510,"@EM_Magazine @Apple How about showing us also in Sonar X3,Ableton Live,Propellerhead Reason,Reaper and MixCraft."
511,fuck type of shit is this @Apple @autocorrect @Siri http://t.co/5zyb6SUepz
512,"#Alle #News zu #iPhone, #iPod und @Apple [#Apple] Watch. (#Monday, 8 #December) http://t.co/iO3m7jkK4t"
513,My apps @apple #ipodtouch5thgen http://t.co/ttEzGarBXd http://t.co/8bUawltG4i
514,#AAPL:Apple heads to trial with Steve Jobs as a witness...http://t.co/qq3XcPJPTk
515,Watch out @Apple.  http://t.co/B3Uq7YeDlx
516,"Is it just me, who feels #Yosemite eats more battery &amp; Resource than #Mavericks?  @Apple are you reading this?"
517,@Apple made it clear today that I as a customer are not worth a measly $79!! An employee gave mis info and they will not stand behind it
518,Footage of the Apple-1 computer running. #ComputerHistory @apple @christiesinc http://t.co/nTGfnJWZ7G
519,waiting a week for a DUNS number is preventing me from being able to build and release a client's iOS app. @apple why do you hate me so?
520,"@apple #apple tech support is so nice. Free stuff!! Sucks about the ringtone issue, though..."
521,"Y'all petty as hell, @Apple..."
522,"RT @ColdDimSum: Too much completely broken shit in the world, fucks sake. (And Fuck You @Apple for the bullshit 'autocorrects')"
523,fuck you fuck you so much i hate you @apple
524,"Companies i admire : @3QDigital @vaynermedia @apple. It must rocks to work there, because mainly of their boss and their culture."
525,my phone was on 19 percent and then it shut off okay @apple fuck you
526,Is Apple The Most Important Stock On Earth?  http://t.co/I5DCA8DagG #aapl http://t.co/Qk9EPOOmhl
527,New Details On @Apple's Giant-Sized #iPad Might Have Just Leaked http://t.co/lYQuGhgn4D via @Inc
528,Why @Apple don't got layaway lol I need an iMac man
529,Here Is The New @iPad Ad #aapl http://t.co/Ec6QKDdTsK http://t.co/Cbpe7mtKvb
530,"Apple: Canaccord, Merrill Up Targets on iPhone Cycle; Mostly Priced into the Stock, Says Pac Crest $AAPL #aapl
http://t.co/aCM2UjwbFc"
531,"Morgan Stanley Sells Apple Inc., but AAPL Stock Still a Buy $AAPL #aapl
http://t.co/w6zGbxeEs0"
532,@Apple ??? My iPhone 3 which has been sitting quietly for a year in a protective case just split open at the back http://t.co/PyoHjiuG03
533,@apple iCal AGAIN!!! it reset all my recurring in spite of months of individualizing each one per current date. #fail #icloud #sucking
534,"#iPhone6, #6 Plus trigger spike in @Apple [#Apple] sales worldwide. (#Thursday, 4 #December) http://t.co/L6axoBrifm"
535,"if I tweet about NANDOS my phone puts it in caps, I like the iPhone six, it knows my favourite restaurant. good phone GG @apple"
536,// when i have gone through 6 iphone chargers in the past montht hank s @apple
537,"Dear @Amazon, if @Apple could do it, you can too! http://t.co/l9vbG8JXcL"
538,"Steve Jobs, clave en juicio contra @Apple 
http://t.co/IcEOFgkm1q http://t.co/eDiR5Mahxn"
539,"@NevBackwoods exactly. Come on @apple / other phone companies, get yo shit together"
540,"Morgan Stanley Sells #Apple Inc., but #AAPL Stock Still a Buy: #aapl stock news Morgan Stanley Sells Apple Inc... http://t.co/Q20LTF26Uz"
541,Thanks for pushing me into #yosemite @apple it has been the #WORST so slow and clunky. #cantgoback #misssnowleopard #whathappened
542,LastPass Debuts 'Auto-Password Change' Feature for Easy Password Changes [Mac Blog] http://t.co/KRn2ievXhR #AAPL
543,@apple please stop notifying me to 'upgrade iCloud storage' because I do not use iCloud enough to upgrade it nor would I pay for such things
544,"Watch the weekend's new TV ads from @RadioShack, @Apple and more http://t.co/hXhnN8og6K"
545,@ok_fatty @apple thanks 4 almost burning my house down
546,"In world's first #AppleWatch hackathon, apps and challenges emerge http://t.co/3pkiaimuAP via @svbizjournal #aapl"
547,TheStreet:  #Apple Gets Price Target Boost on Back of Strong #iPhone Demand #aapl  http://t.co/f2qTGIBDDq
548,I'm so done with this piece of shit phone why doesn't it ever send me notifications when taylor tweets fuck u @apple
549,"#AAPL:Should Apple, Amazon, or eBay Be Portfolio Picks for 2015?...http://t.co/aWn25MWjzG"
550,#AAPL:Steve Jobs Defends Apple in Taped Deposition...http://t.co/7oXigddEQU
551,My phone turned off iMessage and won't let me turn it back on and oh yeah no message will load or send. Thanks @apple!
552,I'm going to press the play button!! Wait no I'm not :( @apple fix your apps http://t.co/eteewIIjrO
553,"So, Which #PromoProduct suppliers carry brandable @Apple compliant adapters? #HeadsAreGoingToRoll"
554,RT @mariah_reagan: '@JamesLoera: @mariah_reagan true.. Silly iPhone' @apple get your life together
555,RT @marisalovexox: My phone went from 78% to 21% @apple please tell me how that is mathematically possible
556,@getlolo_ @apple explain this please http://t.co/G6fZnyuCP8
557,@steviebuckley It's doing strange things to @dropbox files as well - create a new folder and it disappears etc.  @apple #yosemite #bugs
558,@whereiscooldude @Apple I kind of thought that before hand
559,"RT @Proto_Zsay: what maketh thee of this pesky 'b' that appears at the end of people's text messages, @apple @tim_cook?"
560,Apple Tentatively Approves Plans to Expand Reseller Network in India with 500 New Stores [Mac Blog] http://t.co/ttTFQVOiIr #AAPL
561,Why the fuck is there a 'recently deleted' photo album? @Apple
562,I hope no one ever cons me into getting another crappy @apple product again
563,"@apple but i can't use the component on my tcp install disc, due to the stupid os update. so now i have to pay 20 bucks to re-download it?!"
564,"If @apple made tape dispensers and staplers, I would be all set! http://t.co/7Te2eBic10"
565,@apple #apple corporate raiders selling weak products that stop working within weeks&amp;apple gets out of warranty by claiming dampness
566,"As a die hard @Apple customer, I must say I am truly displeased with the customer service I was given yesterday. #badservice #Apple"
567,"RT @ace_kit_uk: Apple MacBook (鶯949.86)
http://t.co/f5IHhOnzHM
@office_nerd @apple
#tech http://t.co/dWX2Q7sS6F"
568,"Apple: $115 fits to 8.4% increase in earnings. Use 2014Q3 EPS=$1.42 in  #free IOS App Donkey Stocks. #AAPL
https://t.co/8CBUgrEHZS"
569,"Me too. MT @MsNarcissistic As a die hard @Apple customer, I am truly displeased with the customer service I was given yesterday. #badservice"
570,FUCK YOU @apple FOR MAKING SHIT PRODUCTS
571,@AppStore @apple When is the release for the new #infiniteflight update in the appstore? @flyingdevstudio says the Update is in your hands
572,Get rich quick as a criminal #capitalist. Steal your client's products. #Apple #technology  http://t.co/kUgHhrehpF @apple
573,"Apple Acted Unfairly In Suppressing Digital Music Competition: Paul Kedrosky $AAPL #aapl
http://t.co/XTbFhpbYf7"
574,my iPhone is fucked. Thanks @apple and @EE what great help you were. Where can i get a new iPhone from?
575,"#AAPL:iPhone 7 Rumors: Might be Called iPhone 6S, Coming in 3 Styles...http://t.co/0XbmuVdZpL"
576,Apple Antitrust Case Hangs in the Balance - http://t.co/CaHboVHRje @apple #antitrust #wow #ipod
577,"Apple to launch 4-inch iPhone next year: Report $AAPL #aapl
http://t.co/x3lzm9bOoM"
578,@alharding if only @apple had robots reviewing apps!
579,Confirmed: Bose speakers returning to #Apple Stores after removal earlier this year - http://t.co/yXPyde3TvQ #AAPL #BeatsElectronics
580,"had android chargers for years &amp; they're still top tier. please keep up, @Apple."
581,#Apple Campus 2 December 2014 update + Drone Flyover video - http://t.co/WvHhksxGD3 #AAPL #CompanyTagged http://t.co/x3B0qMBvkp
582,@Jon_Favreau movie 'chef' so original &amp; well executed. Reminded me of the days Steve Jobs dreaming up @apple and then created the #iPhone
583,'Not a book on how @Apple or @Starbucks grow global brands. This is your book on how to grow your #stickybrand ' http://t.co/aJt29u9Bt1
584,@apple need to sort this b*llshit out with safari in Yosemite! 'Safari can not find server' #apple #macbook #YosemiteProblems #Yosemite
585,#IPhone6 #Plus Captures 41% of US #phablet Sales #aapl http://t.co/pbM5D7Z7Gw
586,Game*** @Apple you bitches really trying me tonight! RT @DreMacsAMillion: @WhoSFlyy__ gams night gawd
587,Anti-Discrimination Bill To Be Named After @Apple CEO @TimCook http://t.co/qEZlIPc8Z2 via @theinquisitr @LGBT #LGBT #Gayrights #Alabama
588,Lol dying @apple http://t.co/EP8hQb2O2H
589,@stevewoz watcha doing there with the soldering iron woz at @BloombergNews  and the @apple II computer are you swapping caps?
590,"85 Ideas from 85 Years: Microchips, @google , @Walmart, @apple, junk bonds, the Pill and Singapore make the list. http://t.co/515obKajDK"
591,Awesome! @Apple invented peanut-butter-sandwich technology for phones. http://t.co/DPZpoqZTHX
592,Thank you @apple
593,Is Apple The Most Important Stock On Earth?  http://t.co/s5ple0Orww #aapl http://t.co/ZvW4vwZzww
594,Daring Fireball: Transmit iOS and iCloud Drive @Apple http://t.co/kCByq0221c
595,RT @JustPoetic_: Why the fuck is there a 'recently deleted' photo album? @Apple
596,"proof @apple does not use it's own products. freaking MAIL shows up in SEARCH FOR FILE in the FINDER!

nut kicks. http://t.co/64hu4wqNkV"
597,That annoying moment when you realise that your @apple  #iPhone6 has a bend in it on one side ='[
598,@swerviinnn @Apple multiply by 100
599,@BmoneySlamdog23 @Apple every time I type the word yA it capitalizes the a. Drives me nuts.
600,@smiIingbarakat @Apple YEAH APPLE UR SLACKIN
601,"I've tried turning it off and on, what's my problem here? @apple http://t.co/HYSbBXpvz5"
602,@Apple deleted users' non-#iTunes music and didn't tell them about it http://t.co/UyT2ePDlTw via @Appy_Geek #apple #music
603,"What to expect from Apple in 2015 $AAPL #aapl
http://t.co/7Dq9vBdt3H"
604,@5SOS OMG THIS WOULD ACTUALLY BE A RLLY CUTE EMOJI @apple
605,"@apple http://t.co/rOyOwjfiW5 What a nice piece of crap you've created. Great job. Pay more, get less, #crapple #fail"
606,@LittleWordBites @TravlandLeisure @Apple  &gt; A5: chipping in here- I am inspired by the iPhone 6+~ takes incredible photos! Pin sharp!
607,#AAPL:iPhone 6 Patent Fraud Case in China Complicated Hacked Photos...http://t.co/eVUHNXiy6T
608,@nigxnog @Apple bruh that means u type that a lot u fuckin punk bitch
609,T-MOBILE/IPHONE LTE PHONE CALL WORK-AROUND http://t.co/rctGxbHpJH #iPhone6 #TMobile #Apple @apple #tech #smartphone http://t.co/nBlIiAW1JU
610,Here's @Apple's next great #business! What will be Apple's primary source of revenue in 2015? http://t.co/Y6gvYZcYHp #service #company
611,"Apple Adds New Flyover Locations to Maps, Siri Movie Showtimes in More Countries [iOS Blog] http://t.co/758TjE7alk #AAPL"
612,@JustinRaimondo @TeamCavuto @Apple This is #morphing into actions against police as Praetorian Guards working for the unaware rich.
613,Love @apple #iphone5 but I need to upgrade soon http://t.co/KkQNsU8QUt http://t.co/vQezbjOPxA
614,@kaitlynpearle @Apple get android
615,#AAPL:Apple's Eddy Cue Talks About Price-Fixing On E-Books: He'd 'Do It Agai...http://t.co/mSC8uepzPn
616,Lets go shopping!!! @apple http://t.co/uTFUHuoJIi
617,The 19-Year-Old #WizKid Who Turned Down @Apple Has Nabbed Backing From A #Hollywood Star http://t.co/PoqfGOeVSU
618,@stevewoz @Outback Personally I am excited about @apple projects like 0 gravity and things in development even though  I only own iPod.
619,"iPhone 7 Release Date With Top 10 Most Needed Features $AAPL #aapl
http://t.co/6jmAQkj3rj"
620,That's what happened to my music! @Apple deleted music from customers' iPods http://t.co/zvJoangfIK
621,@MazeOnPace @Apple Product Line competes with itself. iPhone6+ vs. iPad. Who needs an iPad any longer!?
622,"Yo @Apple wtf is wrong with you people? Make it easier to delete contacts already, gosh damn it!!!"
623,why isnt group facetime a thing @apple wtf
624,"Looking down on the crazy George Street, #Sydney in the rain from the @Apple Genius Bar.... http://t.co/fw8BCu1DOD http://t.co/dlrmFkDKHh"
625,@apple IOS8 is still shit
626,RT @cruci0btch: why don't we have harry potter emojis please work on this @Apple
627,"On December 11th, @Apple will be hosting Hour of Code programming workshops  via @9to5Mac http://t.co/wD82vIeXw7"
628,@Apple with the Hour of Code for @codeorg http://t.co/mCxrLxX9kb via @TechCrunch. How about startups join and teach coding too?
629,"Stock #Market Today Moving on WMT, #AAPL, and Uber News: Money Morning: The company reported more than 1.5 bil... http://t.co/BQ7JGdBO7k"
630,"#Top #iPhone and #iPad games of #2014: @Apple [#Apple] names Monument Valley &amp; #Threes. (#Tuesday, 9 #December) http://t.co/Zj6QFN5lkp"
631,over 1 hour on hold with @apple customer service trying to figure their messup o http://t.co/E5gCvoJTPO
632,"What Every Young #Designer Should Know, From Legendary @Apple Designer Susan Kare
http://t.co/7vqhjJ7BWC http://t.co/NHthTHaG3g"
633,"@marxculture @AppleUK_ @Apple ugh, I'm no longer a dev, remember? I now wear a suit. Oh wait, I don't like suits :) Yeh I'll probly do it..."
634,#Apple in the Dock: $1 Billion Antitrust Claim Casts #SteveJobs as Conspirator #aapl http://t.co/qZaTiTlR26
635,"Report: Apple's Hiring Fashionistas To Help Flog Its Watch  $AAPL #aapl
http://t.co/uFZCW60Ocr"
636,"Why Even Apple Is Surprised by the Enormous Demand for the iPhone 6 $AAPL #aapl
http://t.co/rwGf20VByx"
637,"Fantastic service today @Apple store Touchwood - thanks to all, &amp; esp Zach for sorting my battery problem so quickly &amp; efficiently."
638,#AAPL:Corrupt Apple exec sentenced to 1 year in prison...http://t.co/uCQYyBqrgM
639,RT @saxonidubom: @rwang0 @Apple Thanks...thinking of upgrading.
640,@DelenaNian4eva_ @Apple chill?
641,CNBCTV:  Citi's #Apple optimism #aapl http://t.co/CGRe961fib
642,RT @Amdocs: Top #iOS apps of 2014. @Apple names Elevate Brain Training as #1 iPhone app. http://t.co/tyRNmYGnDP
643,"#Will @Apple [#Apple] head back to #Jobs ideology with 4in #iPhone6s?. (#Monday, 8 #December) http://t.co/wpplCjgEYf"
644,Elgato Launches Thunderbolt 2 Dock with 4K Resolution Support [Mac Blog] http://t.co/Sofxp2HvlB #AAPL
645,"dear @apple, 

why oh why do I have to baby sit copying files in the POS Finder? it's not like copying files is hard. oh wait, it's you."
646,"Get Ready for an Unbreakable #Apple #iPhone | InvestorPlace
#aapl http://t.co/YgLYZoqkO6"
647,my notifications are so messed up thank u @apple
648,"Allowing @Apple final creative authority, @Chase will debut the first spot featuring #ApplePay this week. http://t.co/lnve19yw7G"
649,@marxculture @AppleUK_ @Apple Yeh was thinking of doing exactly that. Just wanna install decent unix on ok hardware &amp; live happily everafter
650,"APPLE - Fibonacci Technicals Levels -LAST  Intraday  Update - $AAPL #aapl 
http://t.co/P66pCgDlij"
651,@DustynMichael got enough @apple  products? http://t.co/nts3ebIxAL
652,@Apple retail locations to offer free coding workshops Dec 11th as part of 'The Hour of Code' http://t.co/4YVXawpyjb
653,Is #Apple Hedging its Bets with Another Small #iPhone? #aapl http://t.co/AXn3FjyczT
654,Seems like @apple #customerservice is going downhill when they say need a new battery due to 600 charges over 14 months. 鶯50 to change.
655,How many iphone chargers do I need to go through? @Apple make charger durability a point in the new iPhone
656,Rumors Surface for #Apple #iPhone6S and #iPhone7 in 2015 #aapl http://t.co/Qinl78BI0D
657,I'm not happy about that @apple
658,cool 90 minutes later I now have Yosemite X on Macbook not bad for an almost 10 year old computer still run strong @Apple #winning
659,"@yungshamwow @Apple apple sucks,"
660,"@Apple [#Apple] #Patents An #iPhone Drop Protection Mechanism That Changes Device .... (#Tuesday, 2 #December) http://t.co/WpnlcmBcSB"
661,@Apple why is flag next to delete in email? Wouldn't it make more sense next to Mark as unread on the other side? accidentally deleting
662,Why @Apple Needs #China to Love the #AppleWatch (AAPL): http://t.co/psajA2okfM via @themotleyfool #Wearables #WearableTech #Apple
663,"RT @mrushh: hey @apple why is my phone dying when it's on the charger 
ur stuff sucks"
664,Top #iOS apps of 2014. @Apple names Elevate Brain Training as #1 iPhone app. http://t.co/tyRNmYGnDP
665,@Apple technology..is becoming very undesirable. These glitches are constantly stopping my from working
666,@apple when are you going to fix the maps app. The navigation sucks!!! Face it and just switch to google maps.
667,"It's been said 'don't talk about politics', But I can't take it anymr. I'll still post about @cisco, @apple and others. But we need change."
668,First @Apple employee: The remarkable odyssey of Bill Fernandez via @techrepublic  http://t.co/Kj4GDYMrqw
669,RT @gxldblvnts: thanking @apple for the 'do not disturb' feature
670,"Apple Stores recruiting fashion/luxury experts ahead of Apple Watch debut $AAPL #aapl
http://t.co/AD9wcBYfRa"
671,"Apple is developing an iPhone that fires LASER BEAMS to map surroundings, patent reveals
http://t.co/fG4Zrvq8Bk #aapl #hnhd"
672,HATE @APPLE SO MUCH. RUIN MY LIFE
673,@Apple YOU'RE NOT EVEN THE REAL FUCKING APPLE COMPANY WHAT THE FUCK AM I SUPPOSED TO DO
674,"Morgan Stanley Sells Apple Inc., but AAPL Stock Still a Buy http://t.co/9tZVa6tPsV #AAPL"
675,My phone is plugged in and losing battery. Thanks @apple
676,@FastCoExist If you use @Apple congrats you just gave the government permission to spy on you.  #Apple
677,"iPhone 6, 6 Plus Availability And Wait Time Update $AAPL #aapl
http://t.co/qdJLBaw3DZ"
678,BloombergTV:  Steve #Wozniak on What Really Happened in #Jobs' Garage http://t.co/M5Pl6xLjuV via @BloombergTV #Apple #aapl
679,So cool! @Apple stores will host free 'Hour of Code' workshops on Dec. 11 to promote computer science: http://t.co/HrOHssVtK1 #tech
680,"RT @uTunes3000: Hitting below the belt! @Apple 'deleted' rivals' music from iPods, court hears. http://t.co/QiyqAukvc1 #musicnews"
681,"http://t.co/D2TeKpbQyw
@Apple Default search engine"
682,Is Apple Inc. Losing the $5 Billion Ed-Tech Market? http://t.co/uc6KDLEFLM #AAPL
683,@engadget why are apple users surprised? @apple tells them how to hold their phones what's on their phones &amp; what they can listen to #isheep
684,"RT @theiphonews: #IPhone6Plus Review: #A New Dawn For @Apple [#Apple]'s #iPhone. (#Thursday, 4 #December) http://t.co/uD0odP62od"
685,Great service at @Apple #BethesdaRow thanks Jenna and Brandon!!!!!!!
686,@daulfn @AppleUK_ @Apple It's what most of our devs do
687,@BestBuySupport Now I'm being told because it was an @Apple product the price can't be overrided. Must pay full price then call back for an
688,#AAPL:12 Unexpected Stocks Bringing Buffett and Fellow Billionaires Holiday ...http://t.co/QSxQQPAg2q
689,MY IPAD IS GLITCHING SO BAD AND IT ISNT CHARGING WTF @apple
690,"@Apple Sales@ IMac 24inch 2007 updated with Yosi... great family device, refurbished.. 鶯330.00 3 Month Warranty... http://t.co/hJ3fM4MxmN"
691,RT @paisley_smithh: Real tired of my charger breaking every month @Apple
692,"APPLE - Fibonacci Technicals Levels - Intraday  Update - $AAPL #aapl 
http://t.co/Z2BQWXee44"
693,What's at the core of @Apple's new #iOS7? Excellent updates for your phone's #mobilesecurity. #McAfee - http://t.co/pVo68ZVdq4
694,still can't merge multiple apple-id's @apple #fail http://t.co/5BNAihk58p
695,Hey @apple are you even thinking about fixing your wifi issues? #YosemiteProblems
696,"@apple, I really do know my mouse batteries haven't inceased in charge since the last time my mac told me they were low"
697,"Final #AAPL #PutCallRatios for Wednesday, December 3, 2014 http://t.co/Lc6B7m7jut"
698,@apple#ipad #irig  For the price to connect my guitar I could buy a real amp loud enough to perform! #ripoff
699,so with ios8 u can delete a contact but its not actually deleted fml fuck u @apple
700,"@brettgilmour @Apple You're not the only one apparently, based on that last interview we did with @carmilevy"
701,Yo @apple I didn't need a subject line for my text &amp; iMessages folk.
702,RT @Hi_IamAaron: Dear @Apple can u please stop making yall chargers cheap pieces of shit I'm tired of having to replace them every 3 months
703,"Could Apple Inc. Sell 24 Million Apple Watches in 2015? $AAPL #aapl
http://t.co/DK99Rq2U1e"
704,"RT @JPDesloges: Plaintiff withdrawn in iPod antitrust lawsuit $AAPL #aapl
http://t.co/ncmRj5QUqL"
705,The UI of the future: Three takeaways from @Apple pioneer Bill Fernandez @ZDNet @jasonhiner http://t.co/lS1u0QFSGh
706,"RT @JPDesloges: Apple to Support a New Franchise of 500 iOS Stores in India $AAPL #aapl
http://t.co/390LCAqyfT"
707,"RT @JPDesloges: Apple Watch on Track for February 2015 Release, Testing Underway [Rumour]  $AAPL #aapl
http://t.co/vjOWVvDFx5"
708,Any one know how to retrieve deleted texts from iPhone.  #Apple @apple #textmessage
709,"@Apple [#Apple] #is developing an #iPhone that fires LASER BEAMS to #map surroundings .... (#Monday, 8 #December) http://t.co/D78wUFxrkK"
710,@Apple #fail - Since updating my #ipad #OS there is a #bug that does not delete videos and free up memory forcing... http://t.co/AjdDTF19Nn
711,2) @Apple I've got one question for yall. Who is the genius who decided CAPITALIZING random words was a good idea? Bec it wasn't a good idea
712,"RT @adage: Watch the weekend's new TV ads from @RadioShack, @Apple and more http://t.co/cKdkibI6PL"
713,@SwiftKey @Apple Oh In wish you guys would port hebrew from the android version already! I have swapping abck and forth
714,@apple @drdre next big thing. Wireless earbuds. Aka earplugs with sound. Soundplugs
715,@LIMFestival lolol. Stupid phone. Should say best and most varied. @apple sort this phone out. Apols.
716,"#IPhone6Plus Review: #A New Dawn For @Apple [#Apple]'s #iPhone. (#Thursday, 4 #December) http://t.co/uD0odP62od"
717,Fuck you @Apple my phone has been searching for service for almost a complete day
718,Why is it so hard to reach / buy Suicide Squad comics at apple store in Turkey? @apple @DCComics @AppleTurkey
719,See Which 11 Guru Fund Managers Hold #Apple #aapl http://t.co/7DnMlXMFVh
720,#AAPL:iPhone 7 Rumors: Might be Called iPhone 6S; Come in 3 Styles...http://t.co/0XbmuVdZpL
721,@UberFacts i can think of 100 reasons not to if your on a 4s. Fuck @apple
722,"@sethlouey @Apple iOS updates bricked Trish's phone too, seems like the Apple is getting a bit rotten"
723,I hate you so much @apple @macs
724,Is Apple The Most Important Stock On Earth?  http://t.co/xylQ5d5JN5 #aapl http://t.co/PwxjC5o8Q8
725,My iPhones working without a SIM card on 3G (not on wifi) #wtf @apple
726,real quick shout out to @apple for your technology never working
727,Just had to buy a replacement phone charger for my son's iPhone. $40. That's why I'll never buy and @apple product for myself. Just greedy.
728,@caseypieper @TheWeldingRoom @Apple @Monster @redbull I heard Monster was the hebrew devil. lol
729,"FUCK MY FUCKING PHONE ITS FUCKING TRIPPING IM FUCKING TIRED OF THIS FUCKING BULLSHIT 

IM HOLDING YOU RESPONSIBLE @apple"
730,@umo_games @Apple ended up getting a new computer anyhow (work computer) Here's how you can switch between vid cards http://t.co/kuISePVc0o
731,The power of @Apple 's strong branding and store design in one photo http://t.co/CJObpVZeZk via @qz http://t.co/hD6P7hJhW8
732,"Is It Time to Buy the Dip in Apple Inc. Stock? $AAPL #aapl
http://t.co/mzLzxlhEsl"
733,Being held hostage at @apple - They are replacing the whole phone. Last backup at 630 a.m. this morning so anything since was byebyebye.
734,@apple last time I checked I thought I bought a iphone 6 not a slippery ass bar of soap disguised as one. I DIDNT DESERVE THIS
735,#AAPL:PM Abe says Apple to build technical center in Japan...http://t.co/DeavV9AYMk
736,"EU: Nice iPhone ya got there. Pity if something were to happen to it.
http://t.co/vpn1gWZi2r @Apple @applenws @iPhone_News"
737,@wdtuts @baxleyglass does because one belongs to @Apple and the other to @Ang and the third is from @Adobe via #employeediscount.
738,RT @muchtech: @Apple Planning to Open 500 iStores in India :http://t.co/HhRlHFcdUP
739,@Apple why isn't there an otter emoji
740,"@OneRepublic @Apple that looks amazing, don't think anyone can say they recorded music on a plane haha"
741,"CGK had laptop prob today.  @apple  Local #, useless. Tech support, useless. 1 hr at Genius Bar, useless.  Buy a PC next time?"
742,@apple Excellent customer service thanks Ian #applestorecoventgarden
743,Currently on hold with @Apple in Cupertino to try to set up a Genius Bar appointment in Madrid #dontask
744,BloombergTV:  #Wozniak: What Really Happened in #SteveJobs' Garage http://t.co/dmNbZukzoz #aapl
745,These Damn @Apple Commercials Are Getting Worse and Worse
746,"iPhone 6 Plus Captures 41% 'Phablet' Sales in the U.S. $AAPL #aapl
http://t.co/afedrJ4EPr"
747,"Why Apple Watch May Be a Luxury Fashion Hit  $AAPL #aapl
http://t.co/e8PoX8RNyx"
748,Oh @Apple this is horrible packaging and shipping. #shame http://t.co/JaRpJYJ5Zu
749,Finally updated to iOS 8...this happened ha weird glitch fix it please @apple http://t.co/LCoGg7yfEz
750,"OK, utterly rediculous! Takes 2 hrs to do a simple thing like syncing a ringtone? Itunes Accessability is horific! Again! Rediculous! @Apple"
751,@apple DUCK OFF
752,@apple on hold 56 min....
753,the fuck kinda gay shit you print in the fucking ketosis @apple
754,@apple make SD cards so we can add memory to our iPhone because we all know you won't allow SD cards until you profit from it
755,"Apple Inc. vs Google Inc: The Battle Of The Tech Giants $AAPL #aapl
http://t.co/JrU4mZeGcG"
756,The stage is set at @apple #cwb for @edwardkb @lielaineyl @cc_nimbu @jethromullen Vivien Liu #instasavvy http://t.co/51HQnC7S2O
757,#Apple heads to trial over iTunes update #AAPL http://t.co/BevWxGyCVk
758,@CarlaBarlaCakes @MoBiggaa @Apple snapchat?
759,@OneRepublic @Apple Maximally concentrated Brent ^_^
760,"Apple MacBook (鶯949.86)
http://t.co/f5IHhOnzHM
@office_nerd @apple
#tech http://t.co/dWX2Q7sS6F"
761,s/o @apple for this really great charger that works so well! #not
762,"RT @iLoveMyMom98: I've tried turning it off and on, what's my problem here? @apple http://t.co/HYSbBXpvz5"
763,Apple ! @apple http://t.co/tCfTmuauMY
764,"The customer service from @apple  is the BEST. In for years having and enjoying their products, I have ZERO complains. Thanks #apple"
765,Hey @Apple I think u need a new product: iPster
766,@SSComposer @Apple seems to ignore any key presses like command r and is just doing its own thing.
767,@Apple get your shit together I hate you
768,@umo_games @Apple thanks for the info. Genius was able to get the computer booted by forcing the discreet video card on boot
769,RT @TypicaIStoner: RT if you think @Apple should approve this Emoji http://t.co/MI6sKtkaye
770,but when is @apple gonna let me italicize
771,I hate my MacBook now. Fuck this update and fuck you @apple
772,You'll be back in my life soon @apple
773,um where's the mango emoji @apple
774,FUCK U @apple i just dropped my new IPHONE6  and it got all sctratched up ! IM DONE WITH APPLE SO FUCKING FRAGILE
775,"Apple Inc. price at close, December 08, 2014, is 112.4. #apple #AAPL"
776,Apple's PT raised by Citigroup Inc. to $135.00. http://t.co/LNHaOfRxU2 $AAPL #AAPL
777,@nialIhburn @Apple TRES
778,Hey @apple @sprint I'm not a fan of your latest commercial!!
779,@pwilke @google @Apple @facebook ughhhh can @uber just see itself out already.
780,@angelicaxpham does it look like i fucking have 12 days @apple
781,Next year my goal is to be #Apple free. Tired of their BS. @Apple @iTunesSupport
782,Foreign Currency Exchange May Be A Headwind For Apple (AAPL) http://t.co/rMPiMkvLsH #AAPL
783,"Dan Nathan: How To Profit From Apple Stock? 
$AAPL #aapl
http://t.co/wkEoflid2Q"
784,"@Apple ay cuhz step your shit up,have a good phone with a real charger ready by february or we outro"
785,Not sure who is worse @ATT @Apple vacations or @SovereignBankUS
786,@illogikal @Apple nigga fuck yo couch lol
787,Jeff Daniels in Talks to Play Former Apple CEO John Sculley in Aaron Sorkin's Steve Jobs Movie [Mac Blog] http://t.co/qg1CP2ozaW #AAPL
788,RT @smartoutsource1: @Apple #iPod lawsuit will reveal unseen Steve Jobs video http://t.co/nEF5qOGbHE
789,"@apple Why is your NYC Grand Central store so bad when it comes to service? 14th Street is much, much better..."
790,"Guys at @Apple, is this serious? #Yosemite full of stupid and ugly bugs. Feeling #sad. (cc @tim_cook,@therealjonyive) http://t.co/42Mjc3SsJE"
791,@twitter @facebook @AlibabaTalk @google @Apple n more in race to win payments? What's future of #payments start-ups? @microsave @FinTechHub
792,Jimmy Iovine to Apple: 'You Have a Hole in Music Right Now; Let Me Plug It' http://t.co/RwolD40zwI #AAPL
793,"Here we go again wit this 'waiting for items to copy' shit on iTunes, y'all pissing me off @Apple"
794,"RT @JPDesloges: How Apple Will Boost Profits During the Holiday Quarter and Beyond $AAPL #aapl
http://t.co/lHsL5ORJS7"
795,It makes you smarter.  Elevate is @apple app of the year!  Congratulations @jessepickard and team.  http://t.co/r0cgmthoCC
796,RT @Metzzler: Hey @apple how about you guys make a charger that lasts more than 2 fucking weeks
797,"So, on my iphone5, the @apple health kit is no longer gathering data.  Sigh."
798,3 More #AppleWatch Details Exposed #aapl http://t.co/PEvFaMKC8O
799,@Apple reveals its Best of 2014 app list- Elevate and Threes! top the list http://t.co/mihPqPozLt via @Techland
800,@Apple the no caller ID thing is scary as heck and I suggest you stop it
801,No at typo changing my words. Get it together @apple
802,"RT @JPDesloges: Apple Acted Unfairly In Suppressing Digital Music Competition: Paul Kedrosky $AAPL #aapl
http://t.co/XTbFhpbYf7"
803,Could Apple Inc. Sell 24 Million Apple Watches in 2015? http://t.co/SLtEs6ZKFE #AAPL
804,"How Apple Will Boost Profits During the Holiday Quarter and Beyond $AAPL #aapl
http://t.co/lHsL5ORJS7"
805,@Apple your chargers SUCK
806,"RT @SRIG911: After #China, #Russia may ban some @Apple products, fearing #espionage: 

http://t.co/uJUZ2SWqgD http://t.co/5dJC9KeUqP"
807,"Lol fuck you @apple, if I'm going to pay you my left arm &amp; leg for a product.. make it last for more then a couple months #ShittyChargers"
808,Wtf @apple y'all shit be cheap. http://t.co/jeOimq3HNA
809,@DannyRosin @Apple Agreed!
810,My cat only chews @apple cords. Such an #AppleSnob.
811,@apple fix os x please.
812,"So, Which #PromoProduct suppliers carry brandable @Apple compliant adapters? #HeadsAreGoingToRoll #MFi"
813,"@Apple [#Apple] #Inc. is Catching up on #iPhone6 Supply, #But Still Lagging Demand. (#Monday, 8 #December) http://t.co/9QpCt7zirF"
814,Yay @Apple customer support was super nice and helpful and now my iMessages is verified.
815,@renoxalex @Apple or hang loose ???
816,@_emilymahon @nosheenh2oo9 @Apple shut the hell up
817,#AAPL:Jim Cramer: Why This Is Not the Tech Bubble We Saw in 2000...http://t.co/Yag6HUnBTa
818,"Note to @apple, Mail STILL has trouble sending.  The last update didn't fix it.  Mail that doesn't send?  Not so useful."
819,Ironic that we're at a PR event (#mp15) talking about companies that don't need more people talking about them (@google @apple @facebook)
820,"Apple Adds New Apple TV Channels for UFC, The Scene, Fusion, and Dailymotion http://t.co/6ch8upBX49 #AAPL"
821,@calemcmartin blame @apple
822,Just broke my 3rd charger of the month. Get your shit together @apple
823,@SamJam Agreed--have to give props to @Apple for battery life on new iPhones. It's SO good. #TL_Chat
824,Attn @Apple :  Buy these guys &amp; make #AppleTV what it should be. 'Fan TV' Heads for the exit   http://t.co/mCPfhvKilJ via @pkafka
825,@apple I FUCKING HATE YOU http://t.co/xRxXK0rdot
826,"JMP Securities Thinks Apple, Inc. Is Going to $150: Time to Sell? http://t.co/0K1VgDqHqE #AAPL"
827,.@Apple patents new tech that shifts #iphone's center of gravity during falls so it lands with minimal damages. http://t.co/Keq4BpXQDU
828,Top Expert Consensus for $AAPL is Moderate Buy https://t.co/fVKriCdeDZ #NASDAQ #stocks #AAPL
829,@Apple YH News Apple's antitrust lawsuit may not have any plaintiffs: The lawyer suing Apple for antitrust may...  http://t.co/hNuWafq0sI
830,@Apple TV fades away in #streaming video player market http://t.co/nmqcdKFnUL
831,"It's 2014, why doesn't iTunes support .flac files? I mean at least be able to covert em. Yall so fuckin petty @Apple"
832,@Apple Watch SDK and #Monetizaton: Why You Should Download #WatchKit As Soon As Possible http://t.co/5MBQvLU5Ba
833,10 best #SteveJobs #apple #aapl #tech30 http://t.co/FkrkG1iF7g via
834,"Sales Of The iPhone 6 Plus Have Settled A Long-Running Argument About Apple And Smartphones $AAPL #aapl
http://t.co/4oaDjSZwg9"
835,"My phone died at 8%, why would you let this happen @apple?"
836,"Steve Jobs: 'I don't know what the claims in the case are' $AAPL #aapl
http://t.co/5Ufd8p9qxs"
837,"Apple Returns Cash To Shareholders Because It's Out Of Ideas On How To Invest It $AAPL #aapl
http://t.co/OLEVFjA8HP"
838,@l0lvivivuvu @sextsatan @Apple And replied... #livingthedream ~ARI
839,@Apple Stop liking man.
840,Wells Fargo Continues Promoting Apple Pay With New Advertisement http://t.co/5XarM27WRi #AAPL
841,"Apple: quarter 2014Q3 EPS is $1.42. Use it at #free App Donkey Stocks. #AAPL
https://t.co/8CBUgrEHZS"
842,Why I Hate Apple - http://t.co/IbpyJXaOuW #AAPL #Long-Term_Larry
843,Can't believe @Apple said melted keys on Mac Pro is not under warranty for a machine less than a year old. Asking for 鶯500 to repair.
844,"Apple could release 4-inch iPhone 6 Mini next year $AAPL #aapl
http://t.co/lyomrvbCe0"
845,my iphone 6 FINALLY came after almost 3 weeks don't think I'll forget this @apple
846,@GriffinNW @Apple @tacobell I love you @tacobell!
847,Dash now accepts #ApplePay. @apple Thanks @braintree for making this happen #mobilepayments #paywithdash http://t.co/OxWmavCScN
848,"#AAPL:After-hours buzz: Apple, Bob Evans Farms &amp; more...http://t.co/PHVzSFanso"
849,Thank u @apple I can now compile all of the pics that i communicate with in one place http://t.co/tq1lo09oyA
850,"More expensive @Apple products failing after less than 18 months.  No warranty, no recourse. Why is it we buy this junk again?"
851,I have to be honest. My once great fanaticism for @Apple is turning into an equally great dislike.
852,Worst thing I ever did was update the software on my computer. This update is trash @apple
853,@allandthompson @Apple Let me just go ahead and get this one out of the way: 'U gonna get a VIRUS &amp; ur whole house will explode!'
854,@OneRepublic @Apple Ooh my god
855,@Apple is becoming very petty about not allowing certain Apple Dev resources work in Chrome.
856,"@apple ima need yall to get your shit together, my phone is fucking up something serious"
857,"Early Movers: ANF, TJX, TGT, LYV, #AAPL &amp; more: These are the stocks posting the largest moves before the bell. http://t.co/Rwjm3lpzRN"
858,"RT @WildJazie: Does anyone know if theres a #smartwatch  with a old fashioned clock face? 
Grandma needs a watch. @Samsung  @apple @mota"
859,"No @macbook today,charger broken .help please @apple what can i do..."
860,"Fucking goddamn stupid @apple @iTunes , ur too fucked up! #JustSayin #iTunes"
861,Best Buy Cuts Apple Inc. iPad Prices to Boost Sales http://t.co/ca3m9oiAYb #AAPL #iPad
862,#Apple Patents Method to Make #iPhones Fall Like a Cat #aapl http://t.co/ZrkJVUqK2E
863,Steve Wozniak to Star in an Upcoming Reality TV Show Focusing on Futuristic Tech [Mac Blog] http://t.co/88VJAjePI4 #AAPL
864,"@jakeflem @Apple I had to get my logic board completely replaced, if it's under warranty they'll do it for free - make sure to back up b4"
865,Completely in love with my @apple #iphone6 right now. Playing with my #newphone &amp; digging into some @pappajohns. Day=Complete #pizza
866,#AAPL:Apple heads to trial over digital music claims...http://t.co/vOpYSuiVKi
867,@dougluberts @drakecraytel @Apple it is a universal problem with 128gb models. Some people think there will be a total recall.
868,@stevewoz @Outback Its good to see you doing these videos on apple ii and doing possible @apple related projects is all very exciting.
869,"My keyboard only ever freezes up when I'm trying to talk to Ian, @apple why do u hate the sophian"
870,Yall need to fix this flicker/flash when I swipe up to close apps @Apple
871,"Spent 6000 EUR at Apple. iPhone 6 camera no longer works.Told I got water in it,I did not. Unacceptable customer service @apple"
872,"RT @JPDesloges: APPLE - Fibonacci Technicals Levels - LAST Intraday  Update - $AAPL #aapl 
http://t.co/9tLzXOlfzG"
873,#AAPL:Alabama Anti-Discrimination Bill To Be Named After Apple CEO Tim Cook...http://t.co/J6hGjmjBZD
874,RT @MariaBartiromo: Apple breaks $700B market cap http://t.co/z7JcEFcGZD @Apple @OpeningBellFBN @FoxBusiness @MBlockRhino  #JohnSpallanzani
875,Goodbye graphics problems. Thank you @apple for such great customer service. http://t.co/XVB8utXOU3
876,Steve Wozniak calls @Apple's legendary garage 'a bit of a myth' http://t.co/Wl2kJTcRNR
877,Very displeased with the lack of #BDSM themed #Emojis. @Apple @Android
878,"#New @Apple [#Apple] #iPhone with 4in screen for #one. (#Sunday, 7 #December) http://t.co/cBdPX3qCVh"
879,How many of @apple's top apps of 2014 do you have downloaded on your phone? http://t.co/BTOgs1cDGc
880,"Big Spending by Consumers on Cyber Monday

#CyberMonday, #PayPal, #Apple, #AAPL, #eBay, #WalMart, #WMT, #Sales,... http://t.co/pB6WltjTzZ"
881,"@FaZeNikan @Apple lol iPhone,weak. Get on that Lumia level bruh"
882,5 Companies Growing Faster Than Apple Inc. http://t.co/SvbEfgMS7O #AAPL
883,Check out our Founder @gernieb views on @Apple &amp; @facebook #EggFreezing benefits for female engineers: https://t.co/vHZ1RcNWru #WomenInTech
884,Steve Jobs emails featured in Apple iPod US antitrust trial http://t.co/UNEs9ioHtF #AAPL
885,can we get a touch screen macbook @apple
886,Strategic steps towards Full-Time #Trading http://t.co/JH7BMS1Kgb  #stocks #futures #forex #trader #es  #baba #aapl #gpro #fb #eem #eSignal
887,@Shagale @apple why'd you do this to us?!
888,Aye @apple why don't you guys make the apple headphones in different colors?
889,RT @QueenCleo_92: Why are your phone chargers so terrible @apple Fix this @Jesus
890,Does @apple store in Georgetown sell refurb'd iPads? Or just new? Are refurbs only available online?
891,what the hell is this 5gbs of 'other' data on my phone @Apple?????????
892,WHAT THE ACTUAL FUCK @apple
893,Just another reason to hate @Apple!!!!!!!!!!!
894,Why are your phone chargers so terrible @apple Fix this @Jesus
895,Explore all the Apple rumours for 2015 http://t.co/dFfeIjBDZE #Apple2015 #TechIreland @Apple http://t.co/M6vrskWmLF
896,@Facebook founder attacks @Apple boss over 'ridiculous' comments http://t.co/pverWexJv8
897,First tweet from my new @apple #iPhone 6 Plus. #newtoy
898,@Juicy_Potato @Apple tbh annoyed with apple's shit at the moment
899,@Amy_Mc blame @apple and their rubbish memory on my phone
900,"Video Shows Size of 12.2-Inch 'iPad Air Plus' Mockup Next to iPhones, iPads, and MacBook http://t.co/B3V5X45stZ #AAPL"
901,@OneRepublic @Apple wow that's amazing
902,@Apple co-founder Steve Wozniak talks about Steve Jobs &amp; Apples early days. via @DesignTaxi http://t.co/JWxSOuTLP7
903,@Swift_Addiction: lol @apple quicktime MOVs
904,Survey feedback on @Apple iWatch positioning as a fashion accessory over geek-centric gadget http://t.co/33xSmA4r9J http://t.co/LrpnZNR4rY
905,@apple don't delete music off of my iPhone that I payed GOOD MONEY FOR
906,@Apple now is your chance with Apple TV.  #Verizon #FIOS is going downhill fast.  They are now using crappy plastic STBs with no displays!
907,"WTF @Apple, synching notes or iCloud pages is unusable. It used to be easier."
908,Apple Launches Ten Holiday-Themed iTunes Radio Stations [iOS Blog] http://t.co/fF0JIspy7s #AAPL
909,I hate these @apple earphones so bad. Why in the world did they think it was a good idea to p http://t.co/X7lIGAQeG5 http://t.co/ihR2OGZa6s
910,fuck u @apple
911,"Up 169%, Is #Apple Supplier #Skyworks Still A Buy? #SWKS  #AAPL #BRCM #MU #QCOM #VTI http://t.co/YcxoMNmHqo"
912,@britt_bumgarner @briannalengy I mean it didn't auto correct so who is really at fault here @apple
913,"@Apple [#Apple] #Patents An #iPhone Drop Protection Mechanism That Changes Device .... (#Tuesday, 2 #December) http://t.co/W5X6P2CgAw"
914,"RT @mrushh: hey @apple why is my phone dying when it's on the charger 
ur stuff sucks"
915,CNBCTV: Buy #Apple's pullback? http://t.co/nlu6irYKVL #aapl
916,"Apple Watch's high-priced fashion focus on the mark, survey says $AAPL #aapl
http://t.co/1d9CjG42iQ"
917,Foreign Currency Exchange May Be A Headwind For #Apple #AAPL http://t.co/HH6LjnOq0x
918,@MacRumors @kellyhodgkins I believe it I bought an @amazon Fire TV for $69 @Apple You've lost another customer
919,@sampepper can not believe that @apple are still with you given the nature of what u have been accused of.   disgusting.
920,@OneRepublic @Apple FOLLOW ME PLS
921,@Siri @Apple @SteveJobs @alarmthatdidntgooff this is disrespectful
922,TWDanceCenter #UrbanNutcracker @Apple Store in Boylston St. @ 6.30pm. Enjoy some #krumping . Meet the director &amp; @RussellFerg
923,@apple #macos #yosemite is a buggy piece of shit. It makes me miss #windows8.
924,"JMP Securities Thinks #Apple, Inc. Is Going to $150: Time to Sell? | The Motley Fool #aapl http://t.co/LpjS6iyh0I"
925,Apple Releases Final Cut Pro 10.1.4 and Xcode 6.1.1 [Mac Blog] http://t.co/LjOSIwSpy7 #AAPL
926,Activation of AirDrop on iOS 8.1.1 kills WiFi !! What have you done @Apple ???
927,Dear @apple. Worst idea ever. Fix it. http://t.co/TSisv9EJhg
928,non-banks @google @apple @PayPal @Moven @Venmo #FinTech via @stevedenning Can Banks Master Disruptive Innovation? http://t.co/LQ5PgE7vRF
929,"#AAPL:iPad Mini 3 vs Sony Xperia Z3 Tablet Compact: Step Aside Sony, Apple S...http://t.co/85qGEiH7LO"
930,#CNBC   how does that fat finger on #AAPL look NOW!  #@BobPisani only a few days later
931,.@Apple it really makes it hard to spend money on apps with functionality that might soon disappear on the Today Menu.  Please stop this.
932,I HAVE BEEN THROUGH ABOUT 18 IPHONE 5 CHARGERS @apple @stevejobs @WTF @!!!!!!!!!!!! @notcool
933,Siri be on that bull shit telling me it's not gonna rain and shit da fuck I pay for her for @apple
934,"Crystal Baller: Rebirth of the 4-inch iPhone and other insane Apple rumors $AAPL #aapl
http://t.co/yvpAZQUmNt"
935,How is my battery already 83% within 15 minutes of usage. Fix up @apple
936,@apple is laughing its pants off with the school programs here in Australia. They even manage to wringe money out of the poorest of people
937,I had the Facebook app but my dumbass deleted it and now I can't redownload cause it says I need iOS7 suck my fucking ass @apple
938,Late Apple Inc. Co-Founder Steve Jobs 'Testifies' In iTunes Case http://t.co/UmRfdsVfZO #AAPL
939,"What is HomeKit? Soon you'll control your home with your iPhone $AAPL #aapl
http://t.co/16qbQo1PRK"
940,@apple #YosemiteProblems Erases my saved pass words every day. This is getting annoying.
941,I don't know what you're trying to do @apple but phone updates are turned off. Thanks for letting me 'aware' by error http://t.co/yMyoY61hz5
942,Who knows someone that works or has worked @apple in Cupertino? #bayarea #techies
943,NO CALLER ID must be able to be BLOCKED on @AppIeOfflciaI products. @applenws @apple #Apple #iPhone6 #iPhone6Plus
944,@TeamCavuto @JustinRaimondo @Apple it's you
945,@PatrickPaltrow @Apple between 4 and 8
946,Man the @ESPN3 app on @apple TV is some hot garbage.
947,"#iPhone #users face big change over @Apple [#Apple]'s Google search choice. (#Monday, 1 #December) http://t.co/fA3KKjQQdA"
948,RT @nicwill30: Shout out to @Apple for making crappy iPhone alarms that don't go off and make me late for my final..
949,RT @NYDailyNews Steve Wozniak @stevewoz reveals that @Apple did not start in a garage. http://t.co/8rqzuBCOpx  http://t.co/mUrpwQ3kHB
950,@apple @iBooks is awesome. Thank You!
951,.@Apple Store is coming to Brooklyn http://t.co/sD7pb4OUcB
952,@jokigenki @Apple I think it's like 2011? Can't look right now.
953,Pacific Crest's #Apple Analyst Reiterates Selling Some Shares - Forbes #aapl http://t.co/4WRGdhxi0G
954,#Winter can be scary but you can stay safe #Winnipeg with our free @Apple app http://t.co/wYJVGqW6qT
955,Full-Time #Trader? #trading #stocks #futures #forex #trader #es  #baba #aapl #gpro #fb #eem #eSignal http://t.co/JH7BMS1Kgb
956,Lol tryna figure out why this file say its from 1984? @tim_cook @apple @StephanieKMBC http://t.co/oxgYTgW3P7
957,Anyone else notice the arm hair color of the Fallon/Timberlake hand models is backwards in the @apple iPhone gaming spot?
958,"Oh @apple, why do I have to delete my unwanted photos eight times. Once is enough. I don't want a 'recently deleted' folder."
959,@Apple honestly sucks
960,3 Reasons #Apple Is a Potential Warren Buffett Stock and 1 Reason It Isn't | The Motley Fool #aapl http://t.co/BnSCg3I2yo
961,Hey @panerabread how about you teach your people how to use @apple pay?
962,fuck you too @apple
963,@Apple pls let me know when yr sorti out problems wi ipadmini its freezing slow http://t.co/Ou8SsWA6jT
964,Major News Outlets Seek Permission to Share Steve Jobs' iPod Lawsuit Deposition Video http://t.co/K1o0qEEVZL #AAPL
965,CNBCTV:  #Apple arguably most innovative company in world: Pro #aapl http://t.co/xWVD3zCkHu
966,@Apple can you please make a charger that actually last
967,WHY DO I HAVE 5 GROUP MESSAGES WITH THE SAME PEOPLE. @apple
968,Thank you to the nice lady at @Apple in #RegentsStreet for helping me grab my phone today ^_^ You are a life saver!
969,@DannyRosin @Apple It will be interesting to watch how/if this is resolved.
970,RT @RaviMikkelsen: @HRHound @MandoGallegos Nice! If the actor had on an iWatch he'd have the entire suite of @Apple products. #sponsorDeal
971,@MrBeagleman @Kronykal @Apple That coffee's not even fair trade!
972,Could #Apple Inc. Sell 24 Million #AppleWatches in 2015? | The Motley Fool #aapl http://t.co/JA0hy8d4U3
973,Dear @apple replace my phone my battery sucks
974,"Apple: $115 fits to 8.4% increase in earnings. Use 2014Q3 EPS=$1.42 in  #free IOS App Donkey Stocks. #AAPL
https://t.co/8CBUgrEHZS"
975,Why is Tom automatically capitalized and tommy isn't?? @apple you need to fix this. #autocorrectprobs
976,"The difference between @Apple and everyone else, in one photo http://t.co/RXaKDAJrwm via @qz"
977,Former Apple Inc. Exec Gets A Year In Prison For Selling Secrets http://t.co/6Ya9YQwVlR #AAPL
